run_id,scheduled_for,run_status,rank,symbol,data_status,catalyst_or_continuation,price_momentum,volume_liquidity,relative_strength_sector,entry_invalidation_structure,risk_reward,total,discovery_total,reasons,last,volume,relative_volume,plan_id
radar:2026-09-03:0950,2026-09-03T09:50:00-04:00,DATA_UNAVAILABLE,,NVDA,MISSING,,,,,,,,,PRICE_CROSS_CHECK_FAILED,,,,
radar:2026-09-03:0950,2026-09-03T09:50:00-04:00,DATA_UNAVAILABLE,,AVGO,MISSING,,,,,,,,,PRICE_CROSS_CHECK_FAILED,,,,
radar:2026-09-03:0950,2026-09-03T09:50:00-04:00,DATA_UNAVAILABLE,,DELL,MISSING,,,,,,,,,PRICE_CROSS_CHECK_FAILED,,,,
radar:2026-09-03:0950,2026-09-03T09:50:00-04:00,DATA_UNAVAILABLE,,AAPL,MISSING,,,,,,,,,PRICE_CROSS_CHECK_FAILED,,,,
radar:2026-09-03:0950,2026-09-03T09:50:00-04:00,DATA_UNAVAILABLE,,TXN,MISSING,,,,,,,,,PRICE_CROSS_CHECK_FAILED,,,,
radar:2026-09-03:0950,2026-09-03T09:50:00-04:00,DATA_UNAVAILABLE,,CDNS,MISSING,,,,,,,,,PRICE_CROSS_CHECK_FAILED,,,,
radar:2026-09-03:0950,2026-09-03T09:50:00-04:00,DATA_UNAVAILABLE,,SNPS,MISSING,,,,,,,,,PRICE_CROSS_CHECK_FAILED,,,,
radar:2026-09-03:0950,2026-09-03T09:50:00-04:00,DATA_UNAVAILABLE,,ORCL,MISSING,,,,,,,,,PRICE_CROSS_CHECK_FAILED,,,,
radar:2026-09-03:0950,2026-09-03T09:50:00-04:00,DATA_UNAVAILABLE,,NOW,MISSING,,,,,,,,,PRICE_CROSS_CHECK_FAILED,,,,
radar:2026-09-03:0950,2026-09-03T09:50:00-04:00,DATA_UNAVAILABLE,,ADBE,MISSING,,,,,,,,,PRICE_CROSS_CHECK_FAILED,,,,
radar:2026-09-03:0950,2026-09-03T09:50:00-04:00,DATA_UNAVAILABLE,,WDAY,MISSING,,,,,,,,,PRICE_CROSS_CHECK_FAILED,,,,
radar:2026-09-03:0950,2026-09-03T09:50:00-04:00,DATA_UNAVAILABLE,,MSFT,MISSING,,,,,,,,,PRICE_CROSS_CHECK_FAILED,,,,
radar:2026-09-03:0950,2026-09-03T09:50:00-04:00,DATA_UNAVAILABLE,,AMZN,MISSING,,,,,,,,,PRICE_CROSS_CHECK_FAILED,,,,
radar:2026-09-03:0950,2026-09-03T09:50:00-04:00,DATA_UNAVAILABLE,,BA,MISSING,,,,,,,,,PRICE_CROSS_CHECK_FAILED,,,,
radar:2026-09-03:0950,2026-09-03T09:50:00-04:00,DATA_UNAVAILABLE,,AMD,MISSING,,,,,,,,,PRICE_CROSS_CHECK_FAILED,,,,
radar:2026-09-03:0950,2026-09-03T09:50:00-04:00,DATA_UNAVAILABLE,,INTC,MISSING,,,,,,,,,PRICE_CROSS_CHECK_FAILED,,,,
radar:2026-09-03:0950,2026-09-03T09:50:00-04:00,DATA_UNAVAILABLE,,MRVL,MISSING,,,,,,,,,PRICE_CROSS_CHECK_FAILED,,,,
radar:2026-09-03:0950,2026-09-03T09:50:00-04:00,DATA_UNAVAILABLE,,MRNA,MISSING,,,,,,,,,PRICE_CROSS_CHECK_FAILED,,,,
radar:2026-09-03:0950,2026-09-03T09:50:00-04:00,DATA_UNAVAILABLE,,SNDK,MISSING,,,,,,,,,PRICE_CROSS_CHECK_FAILED,,,,
radar:2026-09-03:0950,2026-09-03T09:50:00-04:00,DATA_UNAVAILABLE,,GOOGL,MISSING,,,,,,,,,PRICE_CROSS_CHECK_FAILED,,,,
radar:2026-09-03:0950,2026-09-03T09:50:00-04:00,DATA_UNAVAILABLE,,GS,MISSING,,,,,,,,,PRICE_CROSS_CHECK_FAILED,,,,
radar:2026-09-03:0950,2026-09-03T09:50:00-04:00,DATA_UNAVAILABLE,,ABNB,MISSING,,,,,,,,,PRICE_CROSS_CHECK_FAILED,,,,
radar:2026-09-03:0950,2026-09-03T09:50:00-04:00,DATA_UNAVAILABLE,,DASH,MISSING,,,,,,,,,PRICE_CROSS_CHECK_FAILED,,,,
radar:2026-09-03:0950,2026-09-03T09:50:00-04:00,DATA_UNAVAILABLE,,MU,MISSING,,,,,,,,,PRICE_CROSS_CHECK_FAILED,,,,
radar:2026-09-03:0950,2026-09-03T09:50:00-04:00,DATA_UNAVAILABLE,,GE,MISSING,,,,,,,,,PRICE_CROSS_CHECK_FAILED,,,,
radar:2026-09-03:0950,2026-09-03T09:50:00-04:00,DATA_UNAVAILABLE,,JPM,MISSING,,,,,,,,,PRICE_CROSS_CHECK_FAILED,,,,
radar:2026-09-03:0950,2026-09-03T09:50:00-04:00,DATA_UNAVAILABLE,,BAC,MISSING,,,,,,,,,PRICE_CROSS_CHECK_FAILED,,,,
radar:2026-09-03:0950,2026-09-03T09:50:00-04:00,DATA_UNAVAILABLE,,MS,MISSING,,,,,,,,,PRICE_CROSS_CHECK_FAILED,,,,
radar:2026-09-03:0950,2026-09-03T09:50:00-04:00,DATA_UNAVAILABLE,,WMT,MISSING,,,,,,,,,PRICE_CROSS_CHECK_FAILED,,,,
radar:2026-09-03:0950,2026-09-03T09:50:00-04:00,DATA_UNAVAILABLE,,COIN,MISSING,,,,,,,,,PRICE_CROSS_CHECK_FAILED,,,,
radar:2026-09-03:0950,2026-09-03T09:50:00-04:00,DATA_UNAVAILABLE,,HOOD,MISSING,,,,,,,,,PRICE_CROSS_CHECK_FAILED,,,,
radar:2026-09-03:0950,2026-09-03T09:50:00-04:00,DATA_UNAVAILABLE,,PLTR,MISSING,,,,,,,,,PRICE_CROSS_CHECK_FAILED,,,,
radar:2026-09-03:0950,2026-09-03T09:50:00-04:00,DATA_UNAVAILABLE,,MSTR,MISSING,,,,,,,,,PRICE_CROSS_CHECK_FAILED,,,,
radar:2026-09-03:0950,2026-09-03T09:50:00-04:00,DATA_UNAVAILABLE,,META,MISSING,,,,,,,,,PRICE_CROSS_CHECK_FAILED,,,,
radar:2026-09-03:0950,2026-09-03T09:50:00-04:00,DATA_UNAVAILABLE,,NFLX,MISSING,,,,,,,,,PRICE_CROSS_CHECK_FAILED,,,,
radar:2026-09-03:0950,2026-09-03T09:50:00-04:00,DATA_UNAVAILABLE,,UBER,MISSING,,,,,,,,,PRICE_CROSS_CHECK_FAILED,,,,
radar:2026-09-03:0950,2026-09-03T09:50:00-04:00,DATA_UNAVAILABLE,,PYPL,MISSING,,,,,,,,,PRICE_CROSS_CHECK_FAILED,,,,
radar:2026-09-03:0950,2026-09-03T09:50:00-04:00,DATA_UNAVAILABLE,,V,MISSING,,,,,,,,,PRICE_CROSS_CHECK_FAILED,,,,
radar:2026-09-03:0950,2026-09-03T09:50:00-04:00,DATA_UNAVAILABLE,,EBAY,MISSING,,,,,,,,,PRICE_CROSS_CHECK_FAILED,,,,
radar:2026-09-03:0950,2026-09-03T09:50:00-04:00,DATA_UNAVAILABLE,,DIS,MISSING,,,,,,,,,PRICE_CROSS_CHECK_FAILED,,,,
radar:2026-09-03:0950,2026-09-03T09:50:00-04:00,DATA_UNAVAILABLE,,PG,MISSING,,,,,,,,,PRICE_CROSS_CHECK_FAILED,,,,
radar:2026-09-03:0950,2026-09-03T09:50:00-04:00,DATA_UNAVAILABLE,,CVX,MISSING,,,,,,,,,PRICE_CROSS_CHECK_FAILED,,,,
radar:2026-09-03:0950,2026-09-03T09:50:00-04:00,DATA_UNAVAILABLE,,QCOM,MISSING,,,,,,,,,PRICE_CROSS_CHECK_FAILED,,,,
radar:2026-09-03:0950,2026-09-03T09:50:00-04:00,DATA_UNAVAILABLE,,AMAT,MISSING,,,,,,,,,PRICE_CROSS_CHECK_FAILED,,,,
radar:2026-09-03:0950,2026-09-03T09:50:00-04:00,DATA_UNAVAILABLE,,TSLA,MISSING,,,,,,,,,PRICE_CROSS_CHECK_FAILED,,,,
radar:2026-09-03:0950,2026-09-03T09:50:00-04:00,DATA_UNAVAILABLE,,CSCO,MISSING,,,,,,,,,PRICE_CROSS_CHECK_FAILED,,,,
radar:2026-09-03:0950,2026-09-03T09:50:00-04:00,DATA_UNAVAILABLE,,ALAB,MISSING,,,,,,,,,PRICE_CROSS_CHECK_FAILED,,,,
radar:2026-09-03:0950,2026-09-03T09:50:00-04:00,DATA_UNAVAILABLE,,IBKR,MISSING,,,,,,,,,PRICE_CROSS_CHECK_FAILED,,,,
radar:2026-09-03:0950,2026-09-03T09:50:00-04:00,DATA_UNAVAILABLE,,LHX,MISSING,,,,,,,,,PRICE_CROSS_CHECK_FAILED,,,,
radar:2026-09-03:0950,2026-09-03T09:50:00-04:00,DATA_UNAVAILABLE,,NOC,MISSING,,,,,,,,,PRICE_CROSS_CHECK_FAILED,,,,
radar:2026-09-03:0950,2026-09-03T09:50:00-04:00,DATA_UNAVAILABLE,,ONDS,MISSING,,,,,,,,,PRICE_CROSS_CHECK_FAILED,,,,
radar:2026-09-03:0950,2026-09-03T09:50:00-04:00,DATA_UNAVAILABLE,,SPY,MISSING,,,,,,,,,PRICE_CROSS_CHECK_FAILED,,,,
radar:2026-09-03:0950,2026-09-03T09:50:00-04:00,DATA_UNAVAILABLE,,QQQ,MISSING,,,,,,,,,PRICE_CROSS_CHECK_FAILED,,,,
radar:2026-09-03:0950,2026-09-03T09:50:00-04:00,DATA_UNAVAILABLE,,VOO,MISSING,,,,,,,,,PRICE_CROSS_CHECK_FAILED,,,,
radar:2026-09-03:0950,2026-09-03T09:50:00-04:00,DATA_UNAVAILABLE,,IBIT,MISSING,,,,,,,,,PRICE_CROSS_CHECK_FAILED,,,,
radar:2026-09-03:0950,2026-09-03T09:50:00-04:00,DATA_UNAVAILABLE,,XLE,MISSING,,,,,,,,,PRICE_CROSS_CHECK_FAILED,,,,
radar:2026-09-03:0950,2026-09-03T09:50:00-04:00,DATA_UNAVAILABLE,,GLTR,MISSING,,,,,,,,,PRICE_CROSS_CHECK_FAILED,,,,
radar:2026-09-03:0950,2026-09-03T09:50:00-04:00,DATA_UNAVAILABLE,,REMX,MISSING,,,,,,,,,PRICE_CROSS_CHECK_FAILED,,,,
radar:2026-09-03:0950,2026-09-03T09:50:00-04:00,DATA_UNAVAILABLE,,ITA,MISSING,,,,,,,,,PRICE_CROSS_CHECK_FAILED,,,,
radar:2026-09-03:0950,2026-09-03T09:50:00-04:00,DATA_UNAVAILABLE,,XAR,MISSING,,,,,,,,,PRICE_CROSS_CHECK_FAILED,,,,
radar:2026-09-03:1020,2026-09-03T10:20:00-04:00,DATA_UNAVAILABLE,,NVDA,MISSING,,,,,,,,,PRICE_CROSS_CHECK_FAILED,,,,
radar:2026-09-03:1020,2026-09-03T10:20:00-04:00,DATA_UNAVAILABLE,,AVGO,MISSING,,,,,,,,,PRICE_CROSS_CHECK_FAILED,,,,
radar:2026-09-03:1020,2026-09-03T10:20:00-04:00,DATA_UNAVAILABLE,,DELL,MISSING,,,,,,,,,PRICE_CROSS_CHECK_FAILED,,,,
radar:2026-09-03:1020,2026-09-03T10:20:00-04:00,DATA_UNAVAILABLE,,AAPL,MISSING,,,,,,,,,PRICE_CROSS_CHECK_FAILED,,,,
radar:2026-09-03:1020,2026-09-03T10:20:00-04:00,DATA_UNAVAILABLE,,TXN,MISSING,,,,,,,,,PRICE_CROSS_CHECK_FAILED,,,,
radar:2026-09-03:1020,2026-09-03T10:20:00-04:00,DATA_UNAVAILABLE,,CDNS,MISSING,,,,,,,,,PRICE_CROSS_CHECK_FAILED,,,,
radar:2026-09-03:1020,2026-09-03T10:20:00-04:00,DATA_UNAVAILABLE,,SNPS,MISSING,,,,,,,,,PRICE_CROSS_CHECK_FAILED,,,,
radar:2026-09-03:1020,2026-09-03T10:20:00-04:00,DATA_UNAVAILABLE,,ORCL,MISSING,,,,,,,,,PRICE_CROSS_CHECK_FAILED,,,,
radar:2026-09-03:1020,2026-09-03T10:20:00-04:00,DATA_UNAVAILABLE,,NOW,MISSING,,,,,,,,,PRICE_CROSS_CHECK_FAILED,,,,
radar:2026-09-03:1020,2026-09-03T10:20:00-04:00,DATA_UNAVAILABLE,,ADBE,MISSING,,,,,,,,,PRICE_CROSS_CHECK_FAILED,,,,
radar:2026-09-03:1020,2026-09-03T10:20:00-04:00,DATA_UNAVAILABLE,,WDAY,MISSING,,,,,,,,,PRICE_CROSS_CHECK_FAILED,,,,
radar:2026-09-03:1020,2026-09-03T10:20:00-04:00,DATA_UNAVAILABLE,,MSFT,MISSING,,,,,,,,,PRICE_CROSS_CHECK_FAILED,,,,
radar:2026-09-03:1020,2026-09-03T10:20:00-04:00,DATA_UNAVAILABLE,,AMZN,MISSING,,,,,,,,,PRICE_CROSS_CHECK_FAILED,,,,
radar:2026-09-03:1020,2026-09-03T10:20:00-04:00,DATA_UNAVAILABLE,,BA,MISSING,,,,,,,,,PRICE_CROSS_CHECK_FAILED,,,,
radar:2026-09-03:1020,2026-09-03T10:20:00-04:00,DATA_UNAVAILABLE,,AMD,MISSING,,,,,,,,,PRICE_CROSS_CHECK_FAILED,,,,
radar:2026-09-03:1020,2026-09-03T10:20:00-04:00,DATA_UNAVAILABLE,,INTC,MISSING,,,,,,,,,PRICE_CROSS_CHECK_FAILED,,,,
radar:2026-09-03:1020,2026-09-03T10:20:00-04:00,DATA_UNAVAILABLE,,MRVL,MISSING,,,,,,,,,PRICE_CROSS_CHECK_FAILED,,,,
radar:2026-09-03:1020,2026-09-03T10:20:00-04:00,DATA_UNAVAILABLE,,MRNA,MISSING,,,,,,,,,PRICE_CROSS_CHECK_FAILED,,,,
radar:2026-09-03:1020,2026-09-03T10:20:00-04:00,DATA_UNAVAILABLE,,SNDK,MISSING,,,,,,,,,PRICE_CROSS_CHECK_FAILED,,,,
radar:2026-09-03:1020,2026-09-03T10:20:00-04:00,DATA_UNAVAILABLE,,GOOGL,MISSING,,,,,,,,,PRICE_CROSS_CHECK_FAILED,,,,
radar:2026-09-03:1020,2026-09-03T10:20:00-04:00,DATA_UNAVAILABLE,,GS,MISSING,,,,,,,,,PRICE_CROSS_CHECK_FAILED,,,,
radar:2026-09-03:1020,2026-09-03T10:20:00-04:00,DATA_UNAVAILABLE,,ABNB,MISSING,,,,,,,,,PRICE_CROSS_CHECK_FAILED,,,,
radar:2026-09-03:1020,2026-09-03T10:20:00-04:00,DATA_UNAVAILABLE,,DASH,MISSING,,,,,,,,,PRICE_CROSS_CHECK_FAILED,,,,
radar:2026-09-03:1020,2026-09-03T10:20:00-04:00,DATA_UNAVAILABLE,,MU,MISSING,,,,,,,,,PRICE_CROSS_CHECK_FAILED,,,,
radar:2026-09-03:1020,2026-09-03T10:20:00-04:00,DATA_UNAVAILABLE,,GE,MISSING,,,,,,,,,PRICE_CROSS_CHECK_FAILED,,,,
radar:2026-09-03:1020,2026-09-03T10:20:00-04:00,DATA_UNAVAILABLE,,JPM,MISSING,,,,,,,,,PRICE_CROSS_CHECK_FAILED,,,,
radar:2026-09-03:1020,2026-09-03T10:20:00-04:00,DATA_UNAVAILABLE,,BAC,MISSING,,,,,,,,,PRICE_CROSS_CHECK_FAILED,,,,
radar:2026-09-03:1020,2026-09-03T10:20:00-04:00,DATA_UNAVAILABLE,,MS,MISSING,,,,,,,,,PRICE_CROSS_CHECK_FAILED,,,,
radar:2026-09-03:1020,2026-09-03T10:20:00-04:00,DATA_UNAVAILABLE,,WMT,MISSING,,,,,,,,,PRICE_CROSS_CHECK_FAILED,,,,
radar:2026-09-03:1020,2026-09-03T10:20:00-04:00,DATA_UNAVAILABLE,,COIN,MISSING,,,,,,,,,PRICE_CROSS_CHECK_FAILED,,,,
radar:2026-09-03:1020,2026-09-03T10:20:00-04:00,DATA_UNAVAILABLE,,HOOD,MISSING,,,,,,,,,PRICE_CROSS_CHECK_FAILED,,,,
radar:2026-09-03:1020,2026-09-03T10:20:00-04:00,DATA_UNAVAILABLE,,PLTR,MISSING,,,,,,,,,PRICE_CROSS_CHECK_FAILED,,,,
radar:2026-09-03:1020,2026-09-03T10:20:00-04:00,DATA_UNAVAILABLE,,MSTR,MISSING,,,,,,,,,PRICE_CROSS_CHECK_FAILED,,,,
radar:2026-09-03:1020,2026-09-03T10:20:00-04:00,DATA_UNAVAILABLE,,META,MISSING,,,,,,,,,PRICE_CROSS_CHECK_FAILED,,,,
radar:2026-09-03:1020,2026-09-03T10:20:00-04:00,DATA_UNAVAILABLE,,NFLX,MISSING,,,,,,,,,PRICE_CROSS_CHECK_FAILED,,,,
radar:2026-09-03:1020,2026-09-03T10:20:00-04:00,DATA_UNAVAILABLE,,UBER,MISSING,,,,,,,,,PRICE_CROSS_CHECK_FAILED,,,,
radar:2026-09-03:1020,2026-09-03T10:20:00-04:00,DATA_UNAVAILABLE,,PYPL,MISSING,,,,,,,,,PRICE_CROSS_CHECK_FAILED,,,,
radar:2026-09-03:1020,2026-09-03T10:20:00-04:00,DATA_UNAVAILABLE,,V,MISSING,,,,,,,,,PRICE_CROSS_CHECK_FAILED,,,,
radar:2026-09-03:1020,2026-09-03T10:20:00-04:00,DATA_UNAVAILABLE,,EBAY,MISSING,,,,,,,,,PRICE_CROSS_CHECK_FAILED,,,,
radar:2026-09-03:1020,2026-09-03T10:20:00-04:00,DATA_UNAVAILABLE,,DIS,MISSING,,,,,,,,,PRICE_CROSS_CHECK_FAILED,,,,
radar:2026-09-03:1020,2026-09-03T10:20:00-04:00,DATA_UNAVAILABLE,,PG,MISSING,,,,,,,,,PRICE_CROSS_CHECK_FAILED,,,,
radar:2026-09-03:1020,2026-09-03T10:20:00-04:00,DATA_UNAVAILABLE,,CVX,MISSING,,,,,,,,,PRICE_CROSS_CHECK_FAILED,,,,
radar:2026-09-03:1020,2026-09-03T10:20:00-04:00,DATA_UNAVAILABLE,,QCOM,MISSING,,,,,,,,,PRICE_CROSS_CHECK_FAILED,,,,
radar:2026-09-03:1020,2026-09-03T10:20:00-04:00,DATA_UNAVAILABLE,,AMAT,MISSING,,,,,,,,,PRICE_CROSS_CHECK_FAILED,,,,
radar:2026-09-03:1020,2026-09-03T10:20:00-04:00,DATA_UNAVAILABLE,,TSLA,MISSING,,,,,,,,,PRICE_CROSS_CHECK_FAILED,,,,
radar:2026-09-03:1020,2026-09-03T10:20:00-04:00,DATA_UNAVAILABLE,,CSCO,MISSING,,,,,,,,,PRICE_CROSS_CHECK_FAILED,,,,
radar:2026-09-03:1020,2026-09-03T10:20:00-04:00,DATA_UNAVAILABLE,,ALAB,MISSING,,,,,,,,,PRICE_CROSS_CHECK_FAILED,,,,
radar:2026-09-03:1020,2026-09-03T10:20:00-04:00,DATA_UNAVAILABLE,,IBKR,MISSING,,,,,,,,,PRICE_CROSS_CHECK_FAILED,,,,
radar:2026-09-03:1020,2026-09-03T10:20:00-04:00,DATA_UNAVAILABLE,,LHX,MISSING,,,,,,,,,PRICE_CROSS_CHECK_FAILED,,,,
radar:2026-09-03:1020,2026-09-03T10:20:00-04:00,DATA_UNAVAILABLE,,NOC,MISSING,,,,,,,,,PRICE_CROSS_CHECK_FAILED,,,,
radar:2026-09-03:1020,2026-09-03T10:20:00-04:00,DATA_UNAVAILABLE,,ONDS,MISSING,,,,,,,,,PRICE_CROSS_CHECK_FAILED,,,,
radar:2026-09-03:1020,2026-09-03T10:20:00-04:00,DATA_UNAVAILABLE,,SPY,MISSING,,,,,,,,,PRICE_CROSS_CHECK_FAILED,,,,
radar:2026-09-03:1020,2026-09-03T10:20:00-04:00,DATA_UNAVAILABLE,,QQQ,MISSING,,,,,,,,,PRICE_CROSS_CHECK_FAILED,,,,
radar:2026-09-03:1020,2026-09-03T10:20:00-04:00,DATA_UNAVAILABLE,,VOO,MISSING,,,,,,,,,PRICE_CROSS_CHECK_FAILED,,,,
radar:2026-09-03:1020,2026-09-03T10:20:00-04:00,DATA_UNAVAILABLE,,IBIT,MISSING,,,,,,,,,PRICE_CROSS_CHECK_FAILED,,,,
radar:2026-09-03:1020,2026-09-03T10:20:00-04:00,DATA_UNAVAILABLE,,XLE,MISSING,,,,,,,,,PRICE_CROSS_CHECK_FAILED,,,,
radar:2026-09-03:1020,2026-09-03T10:20:00-04:00,DATA_UNAVAILABLE,,GLTR,MISSING,,,,,,,,,PRICE_CROSS_CHECK_FAILED,,,,
radar:2026-09-03:1020,2026-09-03T10:20:00-04:00,DATA_UNAVAILABLE,,REMX,MISSING,,,,,,,,,PRICE_CROSS_CHECK_FAILED,,,,
radar:2026-09-03:1020,2026-09-03T10:20:00-04:00,DATA_UNAVAILABLE,,ITA,MISSING,,,,,,,,,PRICE_CROSS_CHECK_FAILED,,,,
radar:2026-09-03:1020,2026-09-03T10:20:00-04:00,DATA_UNAVAILABLE,,XAR,MISSING,,,,,,,,,PRICE_CROSS_CHECK_FAILED,,,,
radar:2026-09-03:1050,2026-09-03T10:50:00-04:00,DATA_UNAVAILABLE,,NVDA,MISSING,,,,,,,,,PRICE_CROSS_CHECK_FAILED,,,,
radar:2026-09-03:1050,2026-09-03T10:50:00-04:00,DATA_UNAVAILABLE,,AVGO,MISSING,,,,,,,,,PRICE_CROSS_CHECK_FAILED,,,,
radar:2026-09-03:1050,2026-09-03T10:50:00-04:00,DATA_UNAVAILABLE,,DELL,MISSING,,,,,,,,,PRICE_CROSS_CHECK_FAILED,,,,
radar:2026-09-03:1050,2026-09-03T10:50:00-04:00,DATA_UNAVAILABLE,,AAPL,MISSING,,,,,,,,,PRICE_CROSS_CHECK_FAILED,,,,
radar:2026-09-03:1050,2026-09-03T10:50:00-04:00,DATA_UNAVAILABLE,,TXN,MISSING,,,,,,,,,PRICE_CROSS_CHECK_FAILED,,,,
radar:2026-09-03:1050,2026-09-03T10:50:00-04:00,DATA_UNAVAILABLE,,CDNS,MISSING,,,,,,,,,PRICE_CROSS_CHECK_FAILED,,,,
radar:2026-09-03:1050,2026-09-03T10:50:00-04:00,DATA_UNAVAILABLE,,SNPS,MISSING,,,,,,,,,PRICE_CROSS_CHECK_FAILED,,,,
radar:2026-09-03:1050,2026-09-03T10:50:00-04:00,DATA_UNAVAILABLE,,ORCL,MISSING,,,,,,,,,PRICE_CROSS_CHECK_FAILED,,,,
radar:2026-09-03:1050,2026-09-03T10:50:00-04:00,DATA_UNAVAILABLE,,NOW,MISSING,,,,,,,,,PRICE_CROSS_CHECK_FAILED,,,,
radar:2026-09-03:1050,2026-09-03T10:50:00-04:00,DATA_UNAVAILABLE,,ADBE,MISSING,,,,,,,,,PRICE_CROSS_CHECK_FAILED,,,,
radar:2026-09-03:1050,2026-09-03T10:50:00-04:00,DATA_UNAVAILABLE,,WDAY,MISSING,,,,,,,,,PRICE_CROSS_CHECK_FAILED,,,,
radar:2026-09-03:1050,2026-09-03T10:50:00-04:00,DATA_UNAVAILABLE,,MSFT,MISSING,,,,,,,,,PRICE_CROSS_CHECK_FAILED,,,,
radar:2026-09-03:1050,2026-09-03T10:50:00-04:00,DATA_UNAVAILABLE,,AMZN,MISSING,,,,,,,,,PRICE_CROSS_CHECK_FAILED,,,,
radar:2026-09-03:1050,2026-09-03T10:50:00-04:00,DATA_UNAVAILABLE,,BA,MISSING,,,,,,,,,PRICE_CROSS_CHECK_FAILED,,,,
radar:2026-09-03:1050,2026-09-03T10:50:00-04:00,DATA_UNAVAILABLE,,AMD,MISSING,,,,,,,,,PRICE_CROSS_CHECK_FAILED,,,,
radar:2026-09-03:1050,2026-09-03T10:50:00-04:00,DATA_UNAVAILABLE,,INTC,MISSING,,,,,,,,,PRICE_CROSS_CHECK_FAILED,,,,
radar:2026-09-03:1050,2026-09-03T10:50:00-04:00,DATA_UNAVAILABLE,,MRVL,MISSING,,,,,,,,,PRICE_CROSS_CHECK_FAILED,,,,
radar:2026-09-03:1050,2026-09-03T10:50:00-04:00,DATA_UNAVAILABLE,,MRNA,MISSING,,,,,,,,,PRICE_CROSS_CHECK_FAILED,,,,
radar:2026-09-03:1050,2026-09-03T10:50:00-04:00,DATA_UNAVAILABLE,,SNDK,MISSING,,,,,,,,,PRICE_CROSS_CHECK_FAILED,,,,
radar:2026-09-03:1050,2026-09-03T10:50:00-04:00,DATA_UNAVAILABLE,,GOOGL,MISSING,,,,,,,,,PRICE_CROSS_CHECK_FAILED,,,,
radar:2026-09-03:1050,2026-09-03T10:50:00-04:00,DATA_UNAVAILABLE,,GS,MISSING,,,,,,,,,PRICE_CROSS_CHECK_FAILED,,,,
radar:2026-09-03:1050,2026-09-03T10:50:00-04:00,DATA_UNAVAILABLE,,ABNB,MISSING,,,,,,,,,PRICE_CROSS_CHECK_FAILED,,,,
radar:2026-09-03:1050,2026-09-03T10:50:00-04:00,DATA_UNAVAILABLE,,DASH,MISSING,,,,,,,,,PRICE_CROSS_CHECK_FAILED,,,,
radar:2026-09-03:1050,2026-09-03T10:50:00-04:00,DATA_UNAVAILABLE,,MU,MISSING,,,,,,,,,PRICE_CROSS_CHECK_FAILED,,,,
radar:2026-09-03:1050,2026-09-03T10:50:00-04:00,DATA_UNAVAILABLE,,GE,MISSING,,,,,,,,,PRICE_CROSS_CHECK_FAILED,,,,
radar:2026-09-03:1050,2026-09-03T10:50:00-04:00,DATA_UNAVAILABLE,,JPM,MISSING,,,,,,,,,PRICE_CROSS_CHECK_FAILED,,,,
radar:2026-09-03:1050,2026-09-03T10:50:00-04:00,DATA_UNAVAILABLE,,BAC,MISSING,,,,,,,,,PRICE_CROSS_CHECK_FAILED,,,,
radar:2026-09-03:1050,2026-09-03T10:50:00-04:00,DATA_UNAVAILABLE,,MS,MISSING,,,,,,,,,PRICE_CROSS_CHECK_FAILED,,,,
radar:2026-09-03:1050,2026-09-03T10:50:00-04:00,DATA_UNAVAILABLE,,WMT,MISSING,,,,,,,,,PRICE_CROSS_CHECK_FAILED,,,,
radar:2026-09-03:1050,2026-09-03T10:50:00-04:00,DATA_UNAVAILABLE,,COIN,MISSING,,,,,,,,,PRICE_CROSS_CHECK_FAILED,,,,
radar:2026-09-03:1050,2026-09-03T10:50:00-04:00,DATA_UNAVAILABLE,,HOOD,MISSING,,,,,,,,,PRICE_CROSS_CHECK_FAILED,,,,
radar:2026-09-03:1050,2026-09-03T10:50:00-04:00,DATA_UNAVAILABLE,,PLTR,MISSING,,,,,,,,,PRICE_CROSS_CHECK_FAILED,,,,
radar:2026-09-03:1050,2026-09-03T10:50:00-04:00,DATA_UNAVAILABLE,,MSTR,MISSING,,,,,,,,,PRICE_CROSS_CHECK_FAILED,,,,
radar:2026-09-03:1050,2026-09-03T10:50:00-04:00,DATA_UNAVAILABLE,,META,MISSING,,,,,,,,,PRICE_CROSS_CHECK_FAILED,,,,
radar:2026-09-03:1050,2026-09-03T10:50:00-04:00,DATA_UNAVAILABLE,,NFLX,MISSING,,,,,,,,,PRICE_CROSS_CHECK_FAILED,,,,
radar:2026-09-03:1050,2026-09-03T10:50:00-04:00,DATA_UNAVAILABLE,,UBER,MISSING,,,,,,,,,PRICE_CROSS_CHECK_FAILED,,,,
radar:2026-09-03:1050,2026-09-03T10:50:00-04:00,DATA_UNAVAILABLE,,PYPL,MISSING,,,,,,,,,PRICE_CROSS_CHECK_FAILED,,,,
radar:2026-09-03:1050,2026-09-03T10:50:00-04:00,DATA_UNAVAILABLE,,V,MISSING,,,,,,,,,PRICE_CROSS_CHECK_FAILED,,,,
radar:2026-09-03:1050,2026-09-03T10:50:00-04:00,DATA_UNAVAILABLE,,EBAY,MISSING,,,,,,,,,PRICE_CROSS_CHECK_FAILED,,,,
radar:2026-09-03:1050,2026-09-03T10:50:00-04:00,DATA_UNAVAILABLE,,DIS,MISSING,,,,,,,,,PRICE_CROSS_CHECK_FAILED,,,,
radar:2026-09-03:1050,2026-09-03T10:50:00-04:00,DATA_UNAVAILABLE,,PG,MISSING,,,,,,,,,PRICE_CROSS_CHECK_FAILED,,,,
radar:2026-09-03:1050,2026-09-03T10:50:00-04:00,DATA_UNAVAILABLE,,CVX,MISSING,,,,,,,,,PRICE_CROSS_CHECK_FAILED,,,,
radar:2026-09-03:1050,2026-09-03T10:50:00-04:00,DATA_UNAVAILABLE,,QCOM,MISSING,,,,,,,,,PRICE_CROSS_CHECK_FAILED,,,,
radar:2026-09-03:1050,2026-09-03T10:50:00-04:00,DATA_UNAVAILABLE,,AMAT,MISSING,,,,,,,,,PRICE_CROSS_CHECK_FAILED,,,,
radar:2026-09-03:1050,2026-09-03T10:50:00-04:00,DATA_UNAVAILABLE,,TSLA,MISSING,,,,,,,,,PRICE_CROSS_CHECK_FAILED,,,,
radar:2026-09-03:1050,2026-09-03T10:50:00-04:00,DATA_UNAVAILABLE,,CSCO,MISSING,,,,,,,,,PRICE_CROSS_CHECK_FAILED,,,,
radar:2026-09-03:1050,2026-09-03T10:50:00-04:00,DATA_UNAVAILABLE,,ALAB,MISSING,,,,,,,,,PRICE_CROSS_CHECK_FAILED,,,,
radar:2026-09-03:1050,2026-09-03T10:50:00-04:00,DATA_UNAVAILABLE,,IBKR,MISSING,,,,,,,,,PRICE_CROSS_CHECK_FAILED,,,,
radar:2026-09-03:1050,2026-09-03T10:50:00-04:00,DATA_UNAVAILABLE,,LHX,MISSING,,,,,,,,,PRICE_CROSS_CHECK_FAILED,,,,
radar:2026-09-03:1050,2026-09-03T10:50:00-04:00,DATA_UNAVAILABLE,,NOC,MISSING,,,,,,,,,PRICE_CROSS_CHECK_FAILED,,,,
radar:2026-09-03:1050,2026-09-03T10:50:00-04:00,DATA_UNAVAILABLE,,ONDS,MISSING,,,,,,,,,PRICE_CROSS_CHECK_FAILED,,,,
radar:2026-09-03:1050,2026-09-03T10:50:00-04:00,DATA_UNAVAILABLE,,SPY,MISSING,,,,,,,,,PRICE_CROSS_CHECK_FAILED,,,,
radar:2026-09-03:1050,2026-09-03T10:50:00-04:00,DATA_UNAVAILABLE,,QQQ,MISSING,,,,,,,,,PRICE_CROSS_CHECK_FAILED,,,,
radar:2026-09-03:1050,2026-09-03T10:50:00-04:00,DATA_UNAVAILABLE,,VOO,MISSING,,,,,,,,,PRICE_CROSS_CHECK_FAILED,,,,
radar:2026-09-03:1050,2026-09-03T10:50:00-04:00,DATA_UNAVAILABLE,,IBIT,MISSING,,,,,,,,,PRICE_CROSS_CHECK_FAILED,,,,
radar:2026-09-03:1050,2026-09-03T10:50:00-04:00,DATA_UNAVAILABLE,,XLE,MISSING,,,,,,,,,PRICE_CROSS_CHECK_FAILED,,,,
radar:2026-09-03:1050,2026-09-03T10:50:00-04:00,DATA_UNAVAILABLE,,GLTR,MISSING,,,,,,,,,PRICE_CROSS_CHECK_FAILED,,,,
radar:2026-09-03:1050,2026-09-03T10:50:00-04:00,DATA_UNAVAILABLE,,REMX,MISSING,,,,,,,,,PRICE_CROSS_CHECK_FAILED,,,,
radar:2026-09-03:1050,2026-09-03T10:50:00-04:00,DATA_UNAVAILABLE,,ITA,MISSING,,,,,,,,,PRICE_CROSS_CHECK_FAILED,,,,
radar:2026-09-03:1050,2026-09-03T10:50:00-04:00,DATA_UNAVAILABLE,,XAR,MISSING,,,,,,,,,PRICE_CROSS_CHECK_FAILED,,,,
radar:2026-09-03:1120,2026-09-03T11:20:00-04:00,DATA_UNAVAILABLE,,NVDA,MISSING,,,,,,,,,PRICE_CROSS_CHECK_FAILED,,,,
radar:2026-09-03:1120,2026-09-03T11:20:00-04:00,DATA_UNAVAILABLE,,AVGO,MISSING,,,,,,,,,PRICE_CROSS_CHECK_FAILED,,,,
radar:2026-09-03:1120,2026-09-03T11:20:00-04:00,DATA_UNAVAILABLE,,DELL,MISSING,,,,,,,,,PRICE_CROSS_CHECK_FAILED,,,,
radar:2026-09-03:1120,2026-09-03T11:20:00-04:00,DATA_UNAVAILABLE,,AAPL,MISSING,,,,,,,,,PRICE_CROSS_CHECK_FAILED,,,,
radar:2026-09-03:1120,2026-09-03T11:20:00-04:00,DATA_UNAVAILABLE,,TXN,MISSING,,,,,,,,,PRICE_CROSS_CHECK_FAILED,,,,
radar:2026-09-03:1120,2026-09-03T11:20:00-04:00,DATA_UNAVAILABLE,,CDNS,MISSING,,,,,,,,,PRICE_CROSS_CHECK_FAILED,,,,
radar:2026-09-03:1120,2026-09-03T11:20:00-04:00,DATA_UNAVAILABLE,,SNPS,MISSING,,,,,,,,,PRICE_CROSS_CHECK_FAILED,,,,
radar:2026-09-03:1120,2026-09-03T11:20:00-04:00,DATA_UNAVAILABLE,,ORCL,MISSING,,,,,,,,,PRICE_CROSS_CHECK_FAILED,,,,
radar:2026-09-03:1120,2026-09-03T11:20:00-04:00,DATA_UNAVAILABLE,,NOW,MISSING,,,,,,,,,PRICE_CROSS_CHECK_FAILED,,,,
radar:2026-09-03:1120,2026-09-03T11:20:00-04:00,DATA_UNAVAILABLE,,ADBE,MISSING,,,,,,,,,PRICE_CROSS_CHECK_FAILED,,,,
radar:2026-09-03:1120,2026-09-03T11:20:00-04:00,DATA_UNAVAILABLE,,WDAY,MISSING,,,,,,,,,PRICE_CROSS_CHECK_FAILED,,,,
radar:2026-09-03:1120,2026-09-03T11:20:00-04:00,DATA_UNAVAILABLE,,MSFT,MISSING,,,,,,,,,PRICE_CROSS_CHECK_FAILED,,,,
radar:2026-09-03:1120,2026-09-03T11:20:00-04:00,DATA_UNAVAILABLE,,AMZN,MISSING,,,,,,,,,PRICE_CROSS_CHECK_FAILED,,,,
radar:2026-09-03:1120,2026-09-03T11:20:00-04:00,DATA_UNAVAILABLE,,BA,MISSING,,,,,,,,,PRICE_CROSS_CHECK_FAILED,,,,
radar:2026-09-03:1120,2026-09-03T11:20:00-04:00,DATA_UNAVAILABLE,,AMD,MISSING,,,,,,,,,PRICE_CROSS_CHECK_FAILED,,,,
radar:2026-09-03:1120,2026-09-03T11:20:00-04:00,DATA_UNAVAILABLE,,INTC,MISSING,,,,,,,,,PRICE_CROSS_CHECK_FAILED,,,,
radar:2026-09-03:1120,2026-09-03T11:20:00-04:00,DATA_UNAVAILABLE,,MRVL,MISSING,,,,,,,,,PRICE_CROSS_CHECK_FAILED,,,,
radar:2026-09-03:1120,2026-09-03T11:20:00-04:00,DATA_UNAVAILABLE,,MRNA,MISSING,,,,,,,,,PRICE_CROSS_CHECK_FAILED,,,,
radar:2026-09-03:1120,2026-09-03T11:20:00-04:00,DATA_UNAVAILABLE,,SNDK,MISSING,,,,,,,,,PRICE_CROSS_CHECK_FAILED,,,,
radar:2026-09-03:1120,2026-09-03T11:20:00-04:00,DATA_UNAVAILABLE,,GOOGL,MISSING,,,,,,,,,PRICE_CROSS_CHECK_FAILED,,,,
radar:2026-09-03:1120,2026-09-03T11:20:00-04:00,DATA_UNAVAILABLE,,GS,MISSING,,,,,,,,,PRICE_CROSS_CHECK_FAILED,,,,
radar:2026-09-03:1120,2026-09-03T11:20:00-04:00,DATA_UNAVAILABLE,,ABNB,MISSING,,,,,,,,,PRICE_CROSS_CHECK_FAILED,,,,
radar:2026-09-03:1120,2026-09-03T11:20:00-04:00,DATA_UNAVAILABLE,,DASH,MISSING,,,,,,,,,PRICE_CROSS_CHECK_FAILED,,,,
radar:2026-09-03:1120,2026-09-03T11:20:00-04:00,DATA_UNAVAILABLE,,MU,MISSING,,,,,,,,,PRICE_CROSS_CHECK_FAILED,,,,
radar:2026-09-03:1120,2026-09-03T11:20:00-04:00,DATA_UNAVAILABLE,,GE,MISSING,,,,,,,,,PRICE_CROSS_CHECK_FAILED,,,,
radar:2026-09-03:1120,2026-09-03T11:20:00-04:00,DATA_UNAVAILABLE,,JPM,MISSING,,,,,,,,,PRICE_CROSS_CHECK_FAILED,,,,
radar:2026-09-03:1120,2026-09-03T11:20:00-04:00,DATA_UNAVAILABLE,,BAC,MISSING,,,,,,,,,PRICE_CROSS_CHECK_FAILED,,,,
radar:2026-09-03:1120,2026-09-03T11:20:00-04:00,DATA_UNAVAILABLE,,MS,MISSING,,,,,,,,,PRICE_CROSS_CHECK_FAILED,,,,
radar:2026-09-03:1120,2026-09-03T11:20:00-04:00,DATA_UNAVAILABLE,,WMT,MISSING,,,,,,,,,PRICE_CROSS_CHECK_FAILED,,,,
radar:2026-09-03:1120,2026-09-03T11:20:00-04:00,DATA_UNAVAILABLE,,COIN,MISSING,,,,,,,,,PRICE_CROSS_CHECK_FAILED,,,,
radar:2026-09-03:1120,2026-09-03T11:20:00-04:00,DATA_UNAVAILABLE,,HOOD,MISSING,,,,,,,,,PRICE_CROSS_CHECK_FAILED,,,,
radar:2026-09-03:1120,2026-09-03T11:20:00-04:00,DATA_UNAVAILABLE,,PLTR,MISSING,,,,,,,,,PRICE_CROSS_CHECK_FAILED,,,,
radar:2026-09-03:1120,2026-09-03T11:20:00-04:00,DATA_UNAVAILABLE,,MSTR,MISSING,,,,,,,,,PRICE_CROSS_CHECK_FAILED,,,,
radar:2026-09-03:1120,2026-09-03T11:20:00-04:00,DATA_UNAVAILABLE,,META,MISSING,,,,,,,,,PRICE_CROSS_CHECK_FAILED,,,,
radar:2026-09-03:1120,2026-09-03T11:20:00-04:00,DATA_UNAVAILABLE,,NFLX,MISSING,,,,,,,,,PRICE_CROSS_CHECK_FAILED,,,,
radar:2026-09-03:1120,2026-09-03T11:20:00-04:00,DATA_UNAVAILABLE,,UBER,MISSING,,,,,,,,,PRICE_CROSS_CHECK_FAILED,,,,
radar:2026-09-03:1120,2026-09-03T11:20:00-04:00,DATA_UNAVAILABLE,,PYPL,MISSING,,,,,,,,,PRICE_CROSS_CHECK_FAILED,,,,
radar:2026-09-03:1120,2026-09-03T11:20:00-04:00,DATA_UNAVAILABLE,,V,MISSING,,,,,,,,,PRICE_CROSS_CHECK_FAILED,,,,
radar:2026-09-03:1120,2026-09-03T11:20:00-04:00,DATA_UNAVAILABLE,,EBAY,MISSING,,,,,,,,,PRICE_CROSS_CHECK_FAILED,,,,
radar:2026-09-03:1120,2026-09-03T11:20:00-04:00,DATA_UNAVAILABLE,,DIS,MISSING,,,,,,,,,PRICE_CROSS_CHECK_FAILED,,,,
radar:2026-09-03:1120,2026-09-03T11:20:00-04:00,DATA_UNAVAILABLE,,PG,MISSING,,,,,,,,,PRICE_CROSS_CHECK_FAILED,,,,
radar:2026-09-03:1120,2026-09-03T11:20:00-04:00,DATA_UNAVAILABLE,,CVX,MISSING,,,,,,,,,PRICE_CROSS_CHECK_FAILED,,,,
radar:2026-09-03:1120,2026-09-03T11:20:00-04:00,DATA_UNAVAILABLE,,QCOM,MISSING,,,,,,,,,PRICE_CROSS_CHECK_FAILED,,,,
radar:2026-09-03:1120,2026-09-03T11:20:00-04:00,DATA_UNAVAILABLE,,AMAT,MISSING,,,,,,,,,PRICE_CROSS_CHECK_FAILED,,,,
radar:2026-09-03:1120,2026-09-03T11:20:00-04:00,DATA_UNAVAILABLE,,TSLA,MISSING,,,,,,,,,PRICE_CROSS_CHECK_FAILED,,,,
radar:2026-09-03:1120,2026-09-03T11:20:00-04:00,DATA_UNAVAILABLE,,CSCO,MISSING,,,,,,,,,PRICE_CROSS_CHECK_FAILED,,,,
radar:2026-09-03:1120,2026-09-03T11:20:00-04:00,DATA_UNAVAILABLE,,ALAB,MISSING,,,,,,,,,PRICE_CROSS_CHECK_FAILED,,,,
radar:2026-09-03:1120,2026-09-03T11:20:00-04:00,DATA_UNAVAILABLE,,IBKR,MISSING,,,,,,,,,PRICE_CROSS_CHECK_FAILED,,,,
radar:2026-09-03:1120,2026-09-03T11:20:00-04:00,DATA_UNAVAILABLE,,LHX,MISSING,,,,,,,,,PRICE_CROSS_CHECK_FAILED,,,,
radar:2026-09-03:1120,2026-09-03T11:20:00-04:00,DATA_UNAVAILABLE,,NOC,MISSING,,,,,,,,,PRICE_CROSS_CHECK_FAILED,,,,
radar:2026-09-03:1120,2026-09-03T11:20:00-04:00,DATA_UNAVAILABLE,,ONDS,MISSING,,,,,,,,,PRICE_CROSS_CHECK_FAILED,,,,
radar:2026-09-03:1120,2026-09-03T11:20:00-04:00,DATA_UNAVAILABLE,,SPY,MISSING,,,,,,,,,PRICE_CROSS_CHECK_FAILED,,,,
radar:2026-09-03:1120,2026-09-03T11:20:00-04:00,DATA_UNAVAILABLE,,QQQ,MISSING,,,,,,,,,PRICE_CROSS_CHECK_FAILED,,,,
radar:2026-09-03:1120,2026-09-03T11:20:00-04:00,DATA_UNAVAILABLE,,VOO,MISSING,,,,,,,,,PRICE_CROSS_CHECK_FAILED,,,,
radar:2026-09-03:1120,2026-09-03T11:20:00-04:00,DATA_UNAVAILABLE,,IBIT,MISSING,,,,,,,,,PRICE_CROSS_CHECK_FAILED,,,,
radar:2026-09-03:1120,2026-09-03T11:20:00-04:00,DATA_UNAVAILABLE,,XLE,MISSING,,,,,,,,,PRICE_CROSS_CHECK_FAILED,,,,
radar:2026-09-03:1120,2026-09-03T11:20:00-04:00,DATA_UNAVAILABLE,,GLTR,MISSING,,,,,,,,,PRICE_CROSS_CHECK_FAILED,,,,
radar:2026-09-03:1120,2026-09-03T11:20:00-04:00,DATA_UNAVAILABLE,,REMX,MISSING,,,,,,,,,PRICE_CROSS_CHECK_FAILED,,,,
radar:2026-09-03:1120,2026-09-03T11:20:00-04:00,DATA_UNAVAILABLE,,ITA,MISSING,,,,,,,,,PRICE_CROSS_CHECK_FAILED,,,,
radar:2026-09-03:1120,2026-09-03T11:20:00-04:00,DATA_UNAVAILABLE,,XAR,MISSING,,,,,,,,,PRICE_CROSS_CHECK_FAILED,,,,
radar:2026-09-03:1150,2026-09-03T11:50:00-04:00,DATA_UNAVAILABLE,,NVDA,MISSING,,,,,,,,,SPREAD_TOO_WIDE,,,,
radar:2026-09-03:1150,2026-09-03T11:50:00-04:00,DATA_UNAVAILABLE,,AVGO,MISSING,,,,,,,,,SPREAD_TOO_WIDE,,,,
radar:2026-09-03:1150,2026-09-03T11:50:00-04:00,DATA_UNAVAILABLE,,DELL,MISSING,,,,,,,,,SPREAD_TOO_WIDE,,,,
radar:2026-09-03:1150,2026-09-03T11:50:00-04:00,DATA_UNAVAILABLE,,AAPL,MISSING,,,,,,,,,SPREAD_TOO_WIDE,,,,
radar:2026-09-03:1150,2026-09-03T11:50:00-04:00,DATA_UNAVAILABLE,,TXN,MISSING,,,,,,,,,SPREAD_TOO_WIDE,,,,
radar:2026-09-03:1150,2026-09-03T11:50:00-04:00,DATA_UNAVAILABLE,,CDNS,MISSING,,,,,,,,,SPREAD_TOO_WIDE,,,,
radar:2026-09-03:1150,2026-09-03T11:50:00-04:00,DATA_UNAVAILABLE,,SNPS,MISSING,,,,,,,,,SPREAD_TOO_WIDE,,,,
radar:2026-09-03:1150,2026-09-03T11:50:00-04:00,DATA_UNAVAILABLE,,ORCL,MISSING,,,,,,,,,SPREAD_TOO_WIDE,,,,
radar:2026-09-03:1150,2026-09-03T11:50:00-04:00,DATA_UNAVAILABLE,,NOW,MISSING,,,,,,,,,SPREAD_TOO_WIDE,,,,
radar:2026-09-03:1150,2026-09-03T11:50:00-04:00,DATA_UNAVAILABLE,,ADBE,MISSING,,,,,,,,,SPREAD_TOO_WIDE,,,,
radar:2026-09-03:1150,2026-09-03T11:50:00-04:00,DATA_UNAVAILABLE,,WDAY,MISSING,,,,,,,,,SPREAD_TOO_WIDE,,,,
radar:2026-09-03:1150,2026-09-03T11:50:00-04:00,DATA_UNAVAILABLE,,MSFT,MISSING,,,,,,,,,SPREAD_TOO_WIDE,,,,
radar:2026-09-03:1150,2026-09-03T11:50:00-04:00,DATA_UNAVAILABLE,,AMZN,MISSING,,,,,,,,,SPREAD_TOO_WIDE,,,,
radar:2026-09-03:1150,2026-09-03T11:50:00-04:00,DATA_UNAVAILABLE,,BA,MISSING,,,,,,,,,SPREAD_TOO_WIDE,,,,
radar:2026-09-03:1150,2026-09-03T11:50:00-04:00,DATA_UNAVAILABLE,,AMD,MISSING,,,,,,,,,SPREAD_TOO_WIDE,,,,
radar:2026-09-03:1150,2026-09-03T11:50:00-04:00,DATA_UNAVAILABLE,,INTC,MISSING,,,,,,,,,SPREAD_TOO_WIDE,,,,
radar:2026-09-03:1150,2026-09-03T11:50:00-04:00,DATA_UNAVAILABLE,,MRVL,MISSING,,,,,,,,,SPREAD_TOO_WIDE,,,,
radar:2026-09-03:1150,2026-09-03T11:50:00-04:00,DATA_UNAVAILABLE,,MRNA,MISSING,,,,,,,,,SPREAD_TOO_WIDE,,,,
radar:2026-09-03:1150,2026-09-03T11:50:00-04:00,DATA_UNAVAILABLE,,SNDK,MISSING,,,,,,,,,SPREAD_TOO_WIDE,,,,
radar:2026-09-03:1150,2026-09-03T11:50:00-04:00,DATA_UNAVAILABLE,,GOOGL,MISSING,,,,,,,,,SPREAD_TOO_WIDE,,,,
radar:2026-09-03:1150,2026-09-03T11:50:00-04:00,DATA_UNAVAILABLE,,GS,MISSING,,,,,,,,,SPREAD_TOO_WIDE,,,,
radar:2026-09-03:1150,2026-09-03T11:50:00-04:00,DATA_UNAVAILABLE,,ABNB,MISSING,,,,,,,,,SPREAD_TOO_WIDE,,,,
radar:2026-09-03:1150,2026-09-03T11:50:00-04:00,DATA_UNAVAILABLE,,DASH,MISSING,,,,,,,,,SPREAD_TOO_WIDE,,,,
radar:2026-09-03:1150,2026-09-03T11:50:00-04:00,DATA_UNAVAILABLE,,MU,MISSING,,,,,,,,,SPREAD_TOO_WIDE,,,,
radar:2026-09-03:1150,2026-09-03T11:50:00-04:00,DATA_UNAVAILABLE,,GE,MISSING,,,,,,,,,SPREAD_TOO_WIDE,,,,
radar:2026-09-03:1150,2026-09-03T11:50:00-04:00,DATA_UNAVAILABLE,,JPM,MISSING,,,,,,,,,SPREAD_TOO_WIDE,,,,
radar:2026-09-03:1150,2026-09-03T11:50:00-04:00,DATA_UNAVAILABLE,,BAC,MISSING,,,,,,,,,SPREAD_TOO_WIDE,,,,
radar:2026-09-03:1150,2026-09-03T11:50:00-04:00,DATA_UNAVAILABLE,,MS,MISSING,,,,,,,,,SPREAD_TOO_WIDE,,,,
radar:2026-09-03:1150,2026-09-03T11:50:00-04:00,DATA_UNAVAILABLE,,WMT,MISSING,,,,,,,,,SPREAD_TOO_WIDE,,,,
radar:2026-09-03:1150,2026-09-03T11:50:00-04:00,DATA_UNAVAILABLE,,COIN,MISSING,,,,,,,,,SPREAD_TOO_WIDE,,,,
radar:2026-09-03:1150,2026-09-03T11:50:00-04:00,DATA_UNAVAILABLE,,HOOD,MISSING,,,,,,,,,SPREAD_TOO_WIDE,,,,
radar:2026-09-03:1150,2026-09-03T11:50:00-04:00,DATA_UNAVAILABLE,,PLTR,MISSING,,,,,,,,,SPREAD_TOO_WIDE,,,,
radar:2026-09-03:1150,2026-09-03T11:50:00-04:00,DATA_UNAVAILABLE,,MSTR,MISSING,,,,,,,,,SPREAD_TOO_WIDE,,,,
radar:2026-09-03:1150,2026-09-03T11:50:00-04:00,DATA_UNAVAILABLE,,META,MISSING,,,,,,,,,SPREAD_TOO_WIDE,,,,
radar:2026-09-03:1150,2026-09-03T11:50:00-04:00,DATA_UNAVAILABLE,,NFLX,MISSING,,,,,,,,,SPREAD_TOO_WIDE,,,,
radar:2026-09-03:1150,2026-09-03T11:50:00-04:00,DATA_UNAVAILABLE,,UBER,MISSING,,,,,,,,,SPREAD_TOO_WIDE,,,,
radar:2026-09-03:1150,2026-09-03T11:50:00-04:00,DATA_UNAVAILABLE,,PYPL,MISSING,,,,,,,,,SPREAD_TOO_WIDE,,,,
radar:2026-09-03:1150,2026-09-03T11:50:00-04:00,DATA_UNAVAILABLE,,V,MISSING,,,,,,,,,SPREAD_TOO_WIDE,,,,
radar:2026-09-03:1150,2026-09-03T11:50:00-04:00,DATA_UNAVAILABLE,,EBAY,MISSING,,,,,,,,,SPREAD_TOO_WIDE,,,,
radar:2026-09-03:1150,2026-09-03T11:50:00-04:00,DATA_UNAVAILABLE,,DIS,MISSING,,,,,,,,,SPREAD_TOO_WIDE,,,,
radar:2026-09-03:1150,2026-09-03T11:50:00-04:00,DATA_UNAVAILABLE,,PG,MISSING,,,,,,,,,SPREAD_TOO_WIDE,,,,
radar:2026-09-03:1150,2026-09-03T11:50:00-04:00,DATA_UNAVAILABLE,,CVX,MISSING,,,,,,,,,SPREAD_TOO_WIDE,,,,
radar:2026-09-03:1150,2026-09-03T11:50:00-04:00,DATA_UNAVAILABLE,,QCOM,MISSING,,,,,,,,,SPREAD_TOO_WIDE,,,,
radar:2026-09-03:1150,2026-09-03T11:50:00-04:00,DATA_UNAVAILABLE,,AMAT,MISSING,,,,,,,,,SPREAD_TOO_WIDE,,,,
radar:2026-09-03:1150,2026-09-03T11:50:00-04:00,DATA_UNAVAILABLE,,TSLA,MISSING,,,,,,,,,SPREAD_TOO_WIDE,,,,
radar:2026-09-03:1150,2026-09-03T11:50:00-04:00,DATA_UNAVAILABLE,,CSCO,MISSING,,,,,,,,,SPREAD_TOO_WIDE,,,,
radar:2026-09-03:1150,2026-09-03T11:50:00-04:00,DATA_UNAVAILABLE,,ALAB,MISSING,,,,,,,,,SPREAD_TOO_WIDE,,,,
radar:2026-09-03:1150,2026-09-03T11:50:00-04:00,DATA_UNAVAILABLE,,IBKR,MISSING,,,,,,,,,SPREAD_TOO_WIDE,,,,
radar:2026-09-03:1150,2026-09-03T11:50:00-04:00,DATA_UNAVAILABLE,,LHX,MISSING,,,,,,,,,SPREAD_TOO_WIDE,,,,
radar:2026-09-03:1150,2026-09-03T11:50:00-04:00,DATA_UNAVAILABLE,,NOC,MISSING,,,,,,,,,SPREAD_TOO_WIDE,,,,
radar:2026-09-03:1150,2026-09-03T11:50:00-04:00,DATA_UNAVAILABLE,,ONDS,MISSING,,,,,,,,,SPREAD_TOO_WIDE,,,,
radar:2026-09-03:1150,2026-09-03T11:50:00-04:00,DATA_UNAVAILABLE,,SPY,MISSING,,,,,,,,,SPREAD_TOO_WIDE,,,,
radar:2026-09-03:1150,2026-09-03T11:50:00-04:00,DATA_UNAVAILABLE,,QQQ,MISSING,,,,,,,,,SPREAD_TOO_WIDE,,,,
radar:2026-09-03:1150,2026-09-03T11:50:00-04:00,DATA_UNAVAILABLE,,VOO,MISSING,,,,,,,,,SPREAD_TOO_WIDE,,,,
radar:2026-09-03:1150,2026-09-03T11:50:00-04:00,DATA_UNAVAILABLE,,IBIT,MISSING,,,,,,,,,SPREAD_TOO_WIDE,,,,
radar:2026-09-03:1150,2026-09-03T11:50:00-04:00,DATA_UNAVAILABLE,,XLE,MISSING,,,,,,,,,SPREAD_TOO_WIDE,,,,
radar:2026-09-03:1150,2026-09-03T11:50:00-04:00,DATA_UNAVAILABLE,,GLTR,MISSING,,,,,,,,,SPREAD_TOO_WIDE,,,,
radar:2026-09-03:1150,2026-09-03T11:50:00-04:00,DATA_UNAVAILABLE,,REMX,MISSING,,,,,,,,,SPREAD_TOO_WIDE,,,,
radar:2026-09-03:1150,2026-09-03T11:50:00-04:00,DATA_UNAVAILABLE,,ITA,MISSING,,,,,,,,,SPREAD_TOO_WIDE,,,,
radar:2026-09-03:1150,2026-09-03T11:50:00-04:00,DATA_UNAVAILABLE,,XAR,MISSING,,,,,,,,,SPREAD_TOO_WIDE,,,,
radar:2026-09-03:1220,2026-09-03T12:20:00-04:00,DATA_UNAVAILABLE,,NVDA,MISSING,,,,,,,,,PRICE_CROSS_CHECK_FAILED,,,,
radar:2026-09-03:1220,2026-09-03T12:20:00-04:00,DATA_UNAVAILABLE,,AVGO,MISSING,,,,,,,,,PRICE_CROSS_CHECK_FAILED,,,,
radar:2026-09-03:1220,2026-09-03T12:20:00-04:00,DATA_UNAVAILABLE,,DELL,MISSING,,,,,,,,,PRICE_CROSS_CHECK_FAILED,,,,
radar:2026-09-03:1220,2026-09-03T12:20:00-04:00,DATA_UNAVAILABLE,,AAPL,MISSING,,,,,,,,,PRICE_CROSS_CHECK_FAILED,,,,
radar:2026-09-03:1220,2026-09-03T12:20:00-04:00,DATA_UNAVAILABLE,,TXN,MISSING,,,,,,,,,PRICE_CROSS_CHECK_FAILED,,,,
radar:2026-09-03:1220,2026-09-03T12:20:00-04:00,DATA_UNAVAILABLE,,CDNS,MISSING,,,,,,,,,PRICE_CROSS_CHECK_FAILED,,,,
radar:2026-09-03:1220,2026-09-03T12:20:00-04:00,DATA_UNAVAILABLE,,SNPS,MISSING,,,,,,,,,PRICE_CROSS_CHECK_FAILED,,,,
radar:2026-09-03:1220,2026-09-03T12:20:00-04:00,DATA_UNAVAILABLE,,ORCL,MISSING,,,,,,,,,PRICE_CROSS_CHECK_FAILED,,,,
radar:2026-09-03:1220,2026-09-03T12:20:00-04:00,DATA_UNAVAILABLE,,NOW,MISSING,,,,,,,,,PRICE_CROSS_CHECK_FAILED,,,,
radar:2026-09-03:1220,2026-09-03T12:20:00-04:00,DATA_UNAVAILABLE,,ADBE,MISSING,,,,,,,,,PRICE_CROSS_CHECK_FAILED,,,,
radar:2026-09-03:1220,2026-09-03T12:20:00-04:00,DATA_UNAVAILABLE,,WDAY,MISSING,,,,,,,,,PRICE_CROSS_CHECK_FAILED,,,,
radar:2026-09-03:1220,2026-09-03T12:20:00-04:00,DATA_UNAVAILABLE,,MSFT,MISSING,,,,,,,,,PRICE_CROSS_CHECK_FAILED,,,,
radar:2026-09-03:1220,2026-09-03T12:20:00-04:00,DATA_UNAVAILABLE,,AMZN,MISSING,,,,,,,,,PRICE_CROSS_CHECK_FAILED,,,,
radar:2026-09-03:1220,2026-09-03T12:20:00-04:00,DATA_UNAVAILABLE,,BA,MISSING,,,,,,,,,PRICE_CROSS_CHECK_FAILED,,,,
radar:2026-09-03:1220,2026-09-03T12:20:00-04:00,DATA_UNAVAILABLE,,AMD,MISSING,,,,,,,,,PRICE_CROSS_CHECK_FAILED,,,,
radar:2026-09-03:1220,2026-09-03T12:20:00-04:00,DATA_UNAVAILABLE,,INTC,MISSING,,,,,,,,,PRICE_CROSS_CHECK_FAILED,,,,
radar:2026-09-03:1220,2026-09-03T12:20:00-04:00,DATA_UNAVAILABLE,,MRVL,MISSING,,,,,,,,,PRICE_CROSS_CHECK_FAILED,,,,
radar:2026-09-03:1220,2026-09-03T12:20:00-04:00,DATA_UNAVAILABLE,,MRNA,MISSING,,,,,,,,,PRICE_CROSS_CHECK_FAILED,,,,
radar:2026-09-03:1220,2026-09-03T12:20:00-04:00,DATA_UNAVAILABLE,,SNDK,MISSING,,,,,,,,,PRICE_CROSS_CHECK_FAILED,,,,
radar:2026-09-03:1220,2026-09-03T12:20:00-04:00,DATA_UNAVAILABLE,,GOOGL,MISSING,,,,,,,,,PRICE_CROSS_CHECK_FAILED,,,,
radar:2026-09-03:1220,2026-09-03T12:20:00-04:00,DATA_UNAVAILABLE,,GS,MISSING,,,,,,,,,PRICE_CROSS_CHECK_FAILED,,,,
radar:2026-09-03:1220,2026-09-03T12:20:00-04:00,DATA_UNAVAILABLE,,ABNB,MISSING,,,,,,,,,PRICE_CROSS_CHECK_FAILED,,,,
radar:2026-09-03:1220,2026-09-03T12:20:00-04:00,DATA_UNAVAILABLE,,DASH,MISSING,,,,,,,,,PRICE_CROSS_CHECK_FAILED,,,,
radar:2026-09-03:1220,2026-09-03T12:20:00-04:00,DATA_UNAVAILABLE,,MU,MISSING,,,,,,,,,PRICE_CROSS_CHECK_FAILED,,,,
radar:2026-09-03:1220,2026-09-03T12:20:00-04:00,DATA_UNAVAILABLE,,GE,MISSING,,,,,,,,,PRICE_CROSS_CHECK_FAILED,,,,
radar:2026-09-03:1220,2026-09-03T12:20:00-04:00,DATA_UNAVAILABLE,,JPM,MISSING,,,,,,,,,PRICE_CROSS_CHECK_FAILED,,,,
radar:2026-09-03:1220,2026-09-03T12:20:00-04:00,DATA_UNAVAILABLE,,BAC,MISSING,,,,,,,,,PRICE_CROSS_CHECK_FAILED,,,,
radar:2026-09-03:1220,2026-09-03T12:20:00-04:00,DATA_UNAVAILABLE,,MS,MISSING,,,,,,,,,PRICE_CROSS_CHECK_FAILED,,,,
radar:2026-09-03:1220,2026-09-03T12:20:00-04:00,DATA_UNAVAILABLE,,WMT,MISSING,,,,,,,,,PRICE_CROSS_CHECK_FAILED,,,,
radar:2026-09-03:1220,2026-09-03T12:20:00-04:00,DATA_UNAVAILABLE,,COIN,MISSING,,,,,,,,,PRICE_CROSS_CHECK_FAILED,,,,
radar:2026-09-03:1220,2026-09-03T12:20:00-04:00,DATA_UNAVAILABLE,,HOOD,MISSING,,,,,,,,,PRICE_CROSS_CHECK_FAILED,,,,
radar:2026-09-03:1220,2026-09-03T12:20:00-04:00,DATA_UNAVAILABLE,,PLTR,MISSING,,,,,,,,,PRICE_CROSS_CHECK_FAILED,,,,
radar:2026-09-03:1220,2026-09-03T12:20:00-04:00,DATA_UNAVAILABLE,,MSTR,MISSING,,,,,,,,,PRICE_CROSS_CHECK_FAILED,,,,
radar:2026-09-03:1220,2026-09-03T12:20:00-04:00,DATA_UNAVAILABLE,,META,MISSING,,,,,,,,,PRICE_CROSS_CHECK_FAILED,,,,
radar:2026-09-03:1220,2026-09-03T12:20:00-04:00,DATA_UNAVAILABLE,,NFLX,MISSING,,,,,,,,,PRICE_CROSS_CHECK_FAILED,,,,
radar:2026-09-03:1220,2026-09-03T12:20:00-04:00,DATA_UNAVAILABLE,,UBER,MISSING,,,,,,,,,PRICE_CROSS_CHECK_FAILED,,,,
radar:2026-09-03:1220,2026-09-03T12:20:00-04:00,DATA_UNAVAILABLE,,PYPL,MISSING,,,,,,,,,PRICE_CROSS_CHECK_FAILED,,,,
radar:2026-09-03:1220,2026-09-03T12:20:00-04:00,DATA_UNAVAILABLE,,V,MISSING,,,,,,,,,PRICE_CROSS_CHECK_FAILED,,,,
radar:2026-09-03:1220,2026-09-03T12:20:00-04:00,DATA_UNAVAILABLE,,EBAY,MISSING,,,,,,,,,PRICE_CROSS_CHECK_FAILED,,,,
radar:2026-09-03:1220,2026-09-03T12:20:00-04:00,DATA_UNAVAILABLE,,DIS,MISSING,,,,,,,,,PRICE_CROSS_CHECK_FAILED,,,,
radar:2026-09-03:1220,2026-09-03T12:20:00-04:00,DATA_UNAVAILABLE,,PG,MISSING,,,,,,,,,PRICE_CROSS_CHECK_FAILED,,,,
radar:2026-09-03:1220,2026-09-03T12:20:00-04:00,DATA_UNAVAILABLE,,CVX,MISSING,,,,,,,,,PRICE_CROSS_CHECK_FAILED,,,,
radar:2026-09-03:1220,2026-09-03T12:20:00-04:00,DATA_UNAVAILABLE,,QCOM,MISSING,,,,,,,,,PRICE_CROSS_CHECK_FAILED,,,,
radar:2026-09-03:1220,2026-09-03T12:20:00-04:00,DATA_UNAVAILABLE,,AMAT,MISSING,,,,,,,,,PRICE_CROSS_CHECK_FAILED,,,,
radar:2026-09-03:1220,2026-09-03T12:20:00-04:00,DATA_UNAVAILABLE,,TSLA,MISSING,,,,,,,,,PRICE_CROSS_CHECK_FAILED,,,,
radar:2026-09-03:1220,2026-09-03T12:20:00-04:00,DATA_UNAVAILABLE,,CSCO,MISSING,,,,,,,,,PRICE_CROSS_CHECK_FAILED,,,,
radar:2026-09-03:1220,2026-09-03T12:20:00-04:00,DATA_UNAVAILABLE,,ALAB,MISSING,,,,,,,,,PRICE_CROSS_CHECK_FAILED,,,,
radar:2026-09-03:1220,2026-09-03T12:20:00-04:00,DATA_UNAVAILABLE,,IBKR,MISSING,,,,,,,,,PRICE_CROSS_CHECK_FAILED,,,,
radar:2026-09-03:1220,2026-09-03T12:20:00-04:00,DATA_UNAVAILABLE,,LHX,MISSING,,,,,,,,,PRICE_CROSS_CHECK_FAILED,,,,
radar:2026-09-03:1220,2026-09-03T12:20:00-04:00,DATA_UNAVAILABLE,,NOC,MISSING,,,,,,,,,PRICE_CROSS_CHECK_FAILED,,,,
radar:2026-09-03:1220,2026-09-03T12:20:00-04:00,DATA_UNAVAILABLE,,ONDS,MISSING,,,,,,,,,PRICE_CROSS_CHECK_FAILED,,,,
radar:2026-09-03:1220,2026-09-03T12:20:00-04:00,DATA_UNAVAILABLE,,SPY,MISSING,,,,,,,,,PRICE_CROSS_CHECK_FAILED,,,,
radar:2026-09-03:1220,2026-09-03T12:20:00-04:00,DATA_UNAVAILABLE,,QQQ,MISSING,,,,,,,,,PRICE_CROSS_CHECK_FAILED,,,,
radar:2026-09-03:1220,2026-09-03T12:20:00-04:00,DATA_UNAVAILABLE,,VOO,MISSING,,,,,,,,,PRICE_CROSS_CHECK_FAILED,,,,
radar:2026-09-03:1220,2026-09-03T12:20:00-04:00,DATA_UNAVAILABLE,,IBIT,MISSING,,,,,,,,,PRICE_CROSS_CHECK_FAILED,,,,
radar:2026-09-03:1220,2026-09-03T12:20:00-04:00,DATA_UNAVAILABLE,,XLE,MISSING,,,,,,,,,PRICE_CROSS_CHECK_FAILED,,,,
radar:2026-09-03:1220,2026-09-03T12:20:00-04:00,DATA_UNAVAILABLE,,GLTR,MISSING,,,,,,,,,PRICE_CROSS_CHECK_FAILED,,,,
radar:2026-09-03:1220,2026-09-03T12:20:00-04:00,DATA_UNAVAILABLE,,REMX,MISSING,,,,,,,,,PRICE_CROSS_CHECK_FAILED,,,,
radar:2026-09-03:1220,2026-09-03T12:20:00-04:00,DATA_UNAVAILABLE,,ITA,MISSING,,,,,,,,,PRICE_CROSS_CHECK_FAILED,,,,
radar:2026-09-03:1220,2026-09-03T12:20:00-04:00,DATA_UNAVAILABLE,,XAR,MISSING,,,,,,,,,PRICE_CROSS_CHECK_FAILED,,,,
radar:2026-09-03:1250,2026-09-03T12:50:00-04:00,COMPLETED,1,DELL,OK,0.0,20.0,20.0,15.0,15.0,10.0,80.0,73.33,NO_VERIFIED_CATALYST,518.325,13324980.0,3.556152126778961,45fe3028-2b7f-4e07-a499-1c768f667565
radar:2026-09-03:1250,2026-09-03T12:50:00-04:00,COMPLETED,2,HOOD,OK,0.0,20.0,20.0,15.0,15.0,10.0,80.0,73.33,NO_VERIFIED_CATALYST,123.125,35168441.0,3.7333024948429716,0a8729d3-f26c-49d8-a441-6456d94d587b
radar:2026-09-03:1250,2026-09-03T12:50:00-04:00,COMPLETED,3,TSLA,OK,0.0,20.0,15.08,15.0,15.0,10.0,75.08,66.78,NO_VERIFIED_CATALYST|QUALITY_OR_LANE_BLOCKED,382.22,42568925.0,2.3855305483765252,
radar:2026-09-03:1250,2026-09-03T12:50:00-04:00,COMPLETED,4,IBIT,OK,0.0,20.0,10.74,15.0,15.0,10.0,70.74,60.99,NO_VERIFIED_CATALYST|RISK_TOO_SMALL,45.91,52601442.0,1.8430413546238873,
radar:2026-09-03:1250,2026-09-03T12:50:00-04:00,COMPLETED,5,MSTR,OK,0.0,20.0,10.59,15.0,15.0,10.0,70.59,60.79,NO_VERIFIED_CATALYST|QUALITY_OR_LANE_BLOCKED,140.42,24432020.0,1.824042780823068,
radar:2026-09-03:1250,2026-09-03T12:50:00-04:00,COMPLETED,6,COIN,OK,0.0,20.0,10.28,15.0,15.0,10.0,70.28,60.37,NO_VERIFIED_CATALYST,192.926,8754291.0,1.7849831038470025,
radar:2026-09-03:1250,2026-09-03T12:50:00-04:00,COMPLETED,7,AVGO,OK,0.0,20.0,20.0,0.0,15.0,10.0,65.0,53.33,LIQUIDITY_WEAK|NO_VERIFIED_CATALYST|RELATIVE_STRENGTH_NEGATIVE,355.79,38617355.0,3.7343676677392073,
radar:2026-09-03:1250,2026-09-03T12:50:00-04:00,COMPLETED,8,PLTR,OK,0.0,17.39,6.96,15.0,15.0,10.0,64.35,52.47,NO_VERIFIED_CATALYST,182.891,25159547.0,1.3699761479207455,
radar:2026-09-03:1250,2026-09-03T12:50:00-04:00,COMPLETED,9,ORCL,OK,0.0,20.0,4.3,15.0,15.0,10.0,64.3,52.4,NO_VERIFIED_CATALYST,154.26,11934277.0,1.0371430503972203,
radar:2026-09-03:1250,2026-09-03T12:50:00-04:00,COMPLETED,10,WMT,OK,0.0,20.0,2.42,14.89,15.0,10.0,62.3,49.74,NO_VERIFIED_CATALYST,109.28,11404079.0,0.8021223323580925,
radar:2026-09-03:1250,2026-09-03T12:50:00-04:00,COMPLETED,11,META,OK,0.0,14.45,6.9,15.0,15.0,10.0,61.35,48.46,NO_VERIFIED_CATALYST,614.41,10739888.0,1.3625493786373262,
radar:2026-09-03:1250,2026-09-03T12:50:00-04:00,COMPLETED,12,GS,OK,0.0,17.8,2.32,15.0,15.0,10.0,60.12,46.83,NO_VERIFIED_CATALYST,1036.37,735542.0,0.7903004295626992,
radar:2026-09-03:1250,2026-09-03T12:50:00-04:00,COMPLETED,13,IBKR,OK,0.0,16.89,1.96,15.0,15.0,10.0,58.85,45.13,NO_VERIFIED_CATALYST,92.68,1623790.0,0.7452185006766437,
radar:2026-09-03:1250,2026-09-03T12:50:00-04:00,COMPLETED,14,ALAB,OK,0.0,18.14,2.08,12.45,15.0,10.0,57.66,43.55,NO_VERIFIED_CATALYST,281.26,1304402.0,0.759538187094209,
radar:2026-09-03:1250,2026-09-03T12:50:00-04:00,COMPLETED,15,NOW,OK,0.0,15.09,2.56,15.0,15.0,10.0,57.65,43.53,NO_VERIFIED_CATALYST,144.71,7630958.0,0.819924710421016,
radar:2026-09-03:1250,2026-09-03T12:50:00-04:00,COMPLETED,16,MRVL,OK,0.0,17.79,2.21,12.0,15.0,10.0,57.0,42.66,NO_VERIFIED_CATALYST,211.695,9674330.0,0.7766493813434798,
radar:2026-09-03:1250,2026-09-03T12:50:00-04:00,COMPLETED,17,MSFT,OK,0.0,14.14,3.35,14.27,15.0,10.0,56.76,42.34,NO_VERIFIED_CATALYST,511.25,11377836.0,0.9187014656539845,
radar:2026-09-03:1250,2026-09-03T12:50:00-04:00,COMPLETED,18,WDAY,OK,0.0,14.21,0.04,15.0,15.0,10.0,54.25,39.0,NO_VERIFIED_CATALYST,207.58,1305217.0,0.5050438942504125,
radar:2026-09-03:1250,2026-09-03T12:50:00-04:00,COMPLETED,19,MS,OK,0.0,13.89,2.34,11.83,15.0,10.0,53.05,37.4,NO_VERIFIED_CATALYST,217.11,1575274.0,0.7919558451279921,
radar:2026-09-03:1250,2026-09-03T12:50:00-04:00,COMPLETED,20,GLTR,OK,0.0,14.76,0.42,12.19,15.0,10.0,52.37,36.5,NO_VERIFIED_CATALYST,203.925,17506.0,0.5525963639530925,
radar:2026-09-03:1250,2026-09-03T12:50:00-04:00,COMPLETED,21,PYPL,OK,0.0,12.22,5.19,5.79,15.0,10.0,48.2,30.93,NO_VERIFIED_CATALYST,55.485,7069844.0,1.1483141560150123,
radar:2026-09-03:1250,2026-09-03T12:50:00-04:00,COMPLETED,22,ADBE,OK,0.0,8.86,0.98,8.23,15.0,10.0,43.06,24.09,NO_VERIFIED_CATALYST,285.1,1366017.0,0.6219595820538328,
radar:2026-09-03:1250,2026-09-03T12:50:00-04:00,COMPLETED,23,JPM,OK,0.0,9.86,2.24,5.77,15.0,10.0,42.87,23.83,NO_VERIFIED_CATALYST,361.52,2185715.0,0.7803917408811342,
radar:2026-09-03:1250,2026-09-03T12:50:00-04:00,COMPLETED,24,QQQ,OK,0.0,8.48,4.8,3.87,15.0,10.0,42.15,22.86,NO_VERIFIED_CATALYST,717.54,17414229.0,1.0997881968667191,
radar:2026-09-03:1250,2026-09-03T12:50:00-04:00,COMPLETED,25,NVDA,OK,0.0,7.52,4.18,5.16,15.0,10.0,41.86,22.48,NO_VERIFIED_CATALYST,227.52,66282821.0,1.022739692198498,
radar:2026-09-03:1250,2026-09-03T12:50:00-04:00,COMPLETED,26,AAPL,OK,0.0,8.17,2.75,5.1,15.0,10.0,41.01,21.35,NO_VERIFIED_CATALYST,329.43,17229275.0,0.843265548000828,
radar:2026-09-03:1250,2026-09-03T12:50:00-04:00,COMPLETED,27,ABNB,OK,0.0,7.72,2.4,5.6,15.0,10.0,40.72,20.96,NO_VERIFIED_CATALYST,185.935,2385400.0,0.8001248606053104,
radar:2026-09-03:1250,2026-09-03T12:50:00-04:00,COMPLETED,28,AMZN,OK,0.0,8.05,2.36,5.2,15.0,10.0,40.6,20.8,NO_VERIFIED_CATALYST,258.53,13465227.0,0.7948012892581715,
radar:2026-09-03:1250,2026-09-03T12:50:00-04:00,COMPLETED,29,INTC,OK,0.0,10.38,1.72,2.47,15.0,10.0,39.57,19.43,LIQUIDITY_WEAK|NO_VERIFIED_CATALYST|RELATIVE_STRENGTH_NEGATIVE,90.895,35462708.0,0.7148719616075146,
radar:2026-09-03:1250,2026-09-03T12:50:00-04:00,COMPLETED,30,SPY,OK,0.0,6.94,4.58,3.0,15.0,10.0,39.52,19.36,NO_VERIFIED_CATALYST,773.01,20099154.0,1.0726437538292857,
radar:2026-09-03:1250,2026-09-03T12:50:00-04:00,COMPLETED,31,GOOGL,OK,0.0,6.57,2.43,5.29,15.0,10.0,39.29,19.05,NO_VERIFIED_CATALYST,341.865,9194257.0,0.8038756296608556,
radar:2026-09-03:1250,2026-09-03T12:50:00-04:00,COMPLETED,32,MRNA,OK,0.0,14.0,0.0,0.0,15.0,10.0,39.0,18.67,NO_VERIFIED_CATALYST|RELATIVE_STRENGTH_NEGATIVE,144.325,7023487.0,0.4190765487082418,
radar:2026-09-03:1250,2026-09-03T12:50:00-04:00,COMPLETED,33,MU,OK,0.0,8.08,4.31,0.0,15.0,10.0,37.39,16.52,NO_VERIFIED_CATALYST|RELATIVE_STRENGTH_NEGATIVE,946.15,15052490.0,1.0390003102118164,
radar:2026-09-03:1250,2026-09-03T12:50:00-04:00,COMPLETED,34,VOO,OK,0.0,6.67,1.73,2.97,15.0,10.0,36.38,15.17,NO_VERIFIED_CATALYST|RELATIVE_STRENGTH_NEGATIVE,710.595,2317483.0,0.7165386637169191,
radar:2026-09-03:1250,2026-09-03T12:50:00-04:00,COMPLETED,35,NOC,OK,0.0,8.13,0.12,3.1,15.0,10.0,36.35,15.13,NO_VERIFIED_CATALYST,529.28,168973.0,0.514834688106095,
radar:2026-09-03:1250,2026-09-03T12:50:00-04:00,COMPLETED,36,AMD,OK,0.0,7.72,3.45,0.0,15.0,10.0,36.16,14.88,NO_VERIFIED_CATALYST|RELATIVE_STRENGTH_NEGATIVE,458.74,8754526.0,0.9307731229486499,
radar:2026-09-03:1250,2026-09-03T12:50:00-04:00,COMPLETED,37,AMAT,OK,0.0,8.4,1.96,0.0,15.0,10.0,35.35,13.8,NO_VERIFIED_CATALYST|RELATIVE_STRENGTH_NEGATIVE,436.1,2779297.0,0.7447668125503188,
radar:2026-09-03:1250,2026-09-03T12:50:00-04:00,COMPLETED,38,BA,OK,0.0,3.84,6.39,0.0,15.0,10.0,35.23,13.64,NO_VERIFIED_CATALYST|RELATIVE_STRENGTH_NEGATIVE,207.15,3275790.0,1.2983436490195905,
radar:2026-09-03:1250,2026-09-03T12:50:00-04:00,COMPLETED,39,BAC,OK,0.0,6.21,2.6,1.36,15.0,10.0,35.16,13.55,NO_VERIFIED_CATALYST|RELATIVE_STRENGTH_NEGATIVE,63.071,12090689.0,0.8247505735672653,
radar:2026-09-03:1250,2026-09-03T12:50:00-04:00,COMPLETED,40,UBER,OK,0.0,6.35,2.96,0.0,15.0,10.0,34.31,12.41,NO_VERIFIED_CATALYST|RELATIVE_STRENGTH_NEGATIVE,75.41,7698779.0,0.869874167099269,
radar:2026-09-03:1250,2026-09-03T12:50:00-04:00,COMPLETED,41,SNDK,OK,0.0,6.49,1.36,0.0,15.0,10.0,32.86,10.48,LIQUIDITY_WEAK|NO_VERIFIED_CATALYST|RELATIVE_STRENGTH_NEGATIVE,1551.755,4703595.0,0.670456877459631,
radar:2026-09-03:1250,2026-09-03T12:50:00-04:00,COMPLETED,42,XAR,OK,0.0,4.7,2.0,0.94,15.0,10.0,32.64,10.19,NO_VERIFIED_CATALYST|RELATIVE_STRENGTH_NEGATIVE,251.92,78791.0,0.7494192214068883,
radar:2026-09-03:1250,2026-09-03T12:50:00-04:00,COMPLETED,43,TXN,OK,0.0,6.97,0.62,0.0,15.0,10.0,32.59,10.12,NO_VERIFIED_CATALYST|RELATIVE_STRENGTH_NEGATIVE,254.27,1651834.0,0.5771230081170793,
radar:2026-09-03:1250,2026-09-03T12:50:00-04:00,COMPLETED,44,QCOM,OK,0.0,6.06,0.87,0.0,15.0,10.0,31.93,9.24,NO_VERIFIED_CATALYST|RELATIVE_STRENGTH_NEGATIVE,169.06,2864071.0,0.6091879694897583,
radar:2026-09-03:1250,2026-09-03T12:50:00-04:00,COMPLETED,45,ITA,OK,0.0,4.15,0.92,0.54,15.0,10.0,30.61,7.48,NO_VERIFIED_CATALYST|RELATIVE_STRENGTH_NEGATIVE,224.747,187770.0,0.6147235480588525,
radar:2026-09-03:1250,2026-09-03T12:50:00-04:00,COMPLETED,46,DASH,OK,0.0,5.54,0.0,0.0,15.0,10.0,30.54,7.38,NO_VERIFIED_CATALYST|RELATIVE_STRENGTH_NEGATIVE,223.555,957795.0,0.4164927070113587,
radar:2026-09-03:1250,2026-09-03T12:50:00-04:00,COMPLETED,47,NFLX,OK,0.0,4.34,0.86,0.0,15.0,10.0,30.2,6.94,NO_VERIFIED_CATALYST|RELATIVE_STRENGTH_NEGATIVE,81.96,8575576.0,0.607669590211922,
radar:2026-09-03:1250,2026-09-03T12:50:00-04:00,COMPLETED,48,ONDS,OK,0.0,0.61,4.36,0.0,15.0,10.0,29.97,6.63,NO_VERIFIED_CATALYST|RELATIVE_STRENGTH_NEGATIVE,7.62,38648516.0,1.0447657423440624,
radar:2026-09-03:1250,2026-09-03T12:50:00-04:00,COMPLETED,49,GE,OK,0.0,3.34,0.4,0.94,15.0,10.0,29.68,6.24,NO_VERIFIED_CATALYST|RELATIVE_STRENGTH_NEGATIVE,331.75,1000277.0,0.5496699347200334,
radar:2026-09-03:1250,2026-09-03T12:50:00-04:00,COMPLETED,50,XLE,OK,0.0,0.11,3.81,0.0,15.0,10.0,28.92,5.22,NO_VERIFIED_CATALYST|RELATIVE_STRENGTH_NEGATIVE,65.115,12754004.0,0.9759629729060649,
radar:2026-09-03:1250,2026-09-03T12:50:00-04:00,COMPLETED,51,CSCO,OK,0.0,3.8,0.0,0.0,15.0,10.0,28.8,5.06,NO_VERIFIED_CATALYST|RELATIVE_STRENGTH_NEGATIVE,109.465,4713433.0,0.46612061129398996,
radar:2026-09-03:1250,2026-09-03T12:50:00-04:00,COMPLETED,52,SNPS,OK,0.0,2.73,0.86,0.0,15.0,10.0,28.59,4.79,NO_VERIFIED_CATALYST|RELATIVE_STRENGTH_NEGATIVE,417.76,518903.0,0.6077304729620977,
radar:2026-09-03:1250,2026-09-03T12:50:00-04:00,COMPLETED,53,PG,OK,0.0,3.45,0.0,0.0,15.0,10.0,28.45,4.6,NO_VERIFIED_CATALYST|RELATIVE_STRENGTH_NEGATIVE,147.88,2137160.0,0.4582435498166034,
radar:2026-09-03:1250,2026-09-03T12:50:00-04:00,COMPLETED,54,CVX,OK,0.0,1.76,1.06,0.0,15.0,10.0,27.83,3.77,NO_VERIFIED_CATALYST|RELATIVE_STRENGTH_NEGATIVE,212.54,2563687.0,0.6327520451488284,
radar:2026-09-03:1250,2026-09-03T12:50:00-04:00,COMPLETED,55,LHX,OK,0.0,1.77,0.95,0.0,15.0,10.0,27.72,3.62,NO_VERIFIED_CATALYST|RELATIVE_STRENGTH_NEGATIVE,260.32,494590.0,0.6184842104500291,
radar:2026-09-03:1250,2026-09-03T12:50:00-04:00,COMPLETED,56,EBAY,OK,0.0,1.92,0.47,0.0,15.0,10.0,27.4,3.2,NO_VERIFIED_CATALYST|RELATIVE_STRENGTH_NEGATIVE,107.14,1276379.0,0.5592125216749297,
radar:2026-09-03:1250,2026-09-03T12:50:00-04:00,COMPLETED,57,REMX,OK,0.0,1.53,0.0,0.0,15.0,10.0,26.53,2.04,NO_VERIFIED_CATALYST|RELATIVE_STRENGTH_NEGATIVE,76.04,138635.0,0.42912461268716867,
radar:2026-09-03:1250,2026-09-03T12:50:00-04:00,COMPLETED,58,DIS,OK,0.0,1.04,0.0,0.0,15.0,10.0,26.04,1.38,NO_VERIFIED_CATALYST|RELATIVE_STRENGTH_NEGATIVE,107.74,2062183.0,0.4890802769404379,
radar:2026-09-03:1250,2026-09-03T12:50:00-04:00,COMPLETED,59,V,OK,0.0,0.59,0.0,0.0,15.0,10.0,25.59,0.79,NO_VERIFIED_CATALYST|RELATIVE_STRENGTH_NEGATIVE,377.92,1342135.0,0.39051257888307983,
radar:2026-09-03:1250,2026-09-03T12:50:00-04:00,COMPLETED,60,CDNS,OK,0.0,0.07,0.0,0.0,15.0,10.0,25.07,0.09,NO_VERIFIED_CATALYST|RELATIVE_STRENGTH_NEGATIVE,306.715,540487.0,0.500111657291709,
radar:2026-09-03:1320,2026-09-03T13:20:00-04:00,COMPLETED,1,HOOD,OK,0.0,20.0,20.0,15.0,15.0,10.0,80.0,73.33,NO_VERIFIED_CATALYST,123.1,36371766.0,3.357423009026685,ca0eac42-5fe1-4354-8095-3501a6f88a5e
radar:2026-09-03:1320,2026-09-03T13:20:00-04:00,COMPLETED,2,DELL,OK,0.0,17.78,20.0,15.0,15.0,10.0,77.78,70.38,NO_VERIFIED_CATALYST,512.37,14144761.0,3.282547272835473,7ea6dcef-f57b-4692-9d2a-4811e71dedd6
radar:2026-09-03:1320,2026-09-03T13:20:00-04:00,COMPLETED,3,TSLA,OK,0.0,20.0,13.41,15.0,15.0,10.0,73.41,64.54,NO_VERIFIED_CATALYST|QUALITY_OR_LANE_BLOCKED,381.72,44648764.0,2.175721736073446,
radar:2026-09-03:1320,2026-09-03T13:20:00-04:00,COMPLETED,4,IBIT,OK,0.0,20.0,9.7,15.0,15.0,10.0,69.7,59.6,NO_VERIFIED_CATALYST|RISK_TOO_SMALL,45.929,56196168.0,1.7121655029747052,
radar:2026-09-03:1320,2026-09-03T13:20:00-04:00,COMPLETED,5,MSTR,OK,0.0,20.0,9.49,15.0,15.0,10.0,69.49,59.32,NO_VERIFIED_CATALYST|QUALITY_OR_LANE_BLOCKED,140.325,25971893.0,1.6860904165149397,
radar:2026-09-03:1320,2026-09-03T13:20:00-04:00,COMPLETED,6,COIN,OK,0.0,20.0,8.88,15.0,15.0,10.0,68.88,58.51,NO_VERIFIED_CATALYST,192.68,9082948.0,1.6104289488459502,
radar:2026-09-03:1320,2026-09-03T13:20:00-04:00,COMPLETED,7,AVGO,OK,0.0,20.0,20.0,0.0,15.0,10.0,65.0,53.33,NO_VERIFIED_CATALYST|RELATIVE_STRENGTH_NEGATIVE,355.24,41233449.0,3.4672553190800786,
radar:2026-09-03:1320,2026-09-03T13:20:00-04:00,COMPLETED,8,ORCL,OK,0.0,20.0,3.67,15.0,15.0,10.0,63.67,51.56,NO_VERIFIED_CATALYST,154.095,12687223.0,0.9587618205905979,
radar:2026-09-03:1320,2026-09-03T13:20:00-04:00,COMPLETED,9,PLTR,OK,0.0,16.35,5.88,15.0,15.0,10.0,62.23,49.65,NO_VERIFIED_CATALYST,182.61,26087108.0,1.2352012853617866,
radar:2026-09-03:1320,2026-09-03T13:20:00-04:00,COMPLETED,10,META,OK,0.0,14.0,5.89,15.0,15.0,10.0,59.89,46.53,NO_VERIFIED_CATALYST,612.22,11210528.0,1.2367450350544325,
radar:2026-09-03:1320,2026-09-03T13:20:00-04:00,COMPLETED,11,WMT,OK,0.0,17.2,1.95,13.61,15.0,10.0,57.76,43.68,NO_VERIFIED_CATALYST,108.945,12163425.0,0.7439399524027592,
radar:2026-09-03:1320,2026-09-03T13:20:00-04:00,COMPLETED,12,IBKR,OK,0.0,16.05,1.53,15.0,15.0,10.0,57.58,43.44,NO_VERIFIED_CATALYST,92.575,1730829.0,0.6907319405613049,
radar:2026-09-03:1320,2026-09-03T13:20:00-04:00,COMPLETED,13,GS,OK,0.0,15.04,1.82,14.58,15.0,10.0,56.45,41.93,NO_VERIFIED_CATALYST,1033.08,778690.0,0.7275300720680979,
radar:2026-09-03:1320,2026-09-03T13:20:00-04:00,COMPLETED,14,NOW,OK,0.0,14.0,2.04,15.0,15.0,10.0,56.04,41.39,NO_VERIFIED_CATALYST,143.925,8086181.0,0.7555095882097401,
radar:2026-09-03:1320,2026-09-03T13:20:00-04:00,COMPLETED,15,MSFT,OK,0.0,12.84,2.68,13.97,15.0,10.0,54.48,39.3,NO_VERIFIED_CATALYST,510.485,11883566.0,0.8343785530215209,
radar:2026-09-03:1320,2026-09-03T13:20:00-04:00,COMPLETED,16,WDAY,OK,0.0,14.0,0.0,15.0,15.0,10.0,54.0,38.67,NO_VERIFIED_CATALYST,207.195,1447354.0,0.48699306785644053,
radar:2026-09-03:1320,2026-09-03T13:20:00-04:00,COMPLETED,17,PYPL,OK,0.0,14.83,4.34,8.82,15.0,10.0,52.99,37.32,NO_VERIFIED_CATALYST,55.705,7377497.0,1.0419851737342276,
radar:2026-09-03:1320,2026-09-03T13:20:00-04:00,COMPLETED,18,MRVL,OK,0.0,15.85,1.67,10.13,15.0,10.0,52.66,36.88,NO_VERIFIED_CATALYST,210.84,10160942.0,0.7093158846827264,
radar:2026-09-03:1320,2026-09-03T13:20:00-04:00,COMPLETED,19,GLTR,OK,0.0,13.23,0.21,12.1,15.0,10.0,50.54,34.05,NO_VERIFIED_CATALYST,203.69,19166.0,0.5260829088159444,
radar:2026-09-03:1320,2026-09-03T13:20:00-04:00,COMPLETED,20,ALAB,OK,0.0,13.51,1.76,7.12,15.0,10.0,47.38,29.84,NO_VERIFIED_CATALYST,278.54,1421634.0,0.7198260665276924,
radar:2026-09-03:1320,2026-09-03T13:20:00-04:00,COMPLETED,21,MS,OK,0.0,9.78,1.94,10.04,15.0,10.0,46.76,29.01,NO_VERIFIED_CATALYST,216.26,1697029.0,0.7418835434308173,
radar:2026-09-03:1320,2026-09-03T13:20:00-04:00,COMPLETED,22,INTC,OK,0.0,10.82,1.52,3.67,15.0,10.0,41.02,21.35,NO_VERIFIED_CATALYST,90.981,39396308.0,0.690579213486838,
radar:2026-09-03:1320,2026-09-03T13:20:00-04:00,COMPLETED,23,ADBE,OK,0.0,7.61,0.64,7.24,15.0,10.0,40.49,20.66,NO_VERIFIED_CATALYST,284.35,1466200.0,0.5804982091372693,
radar:2026-09-03:1320,2026-09-03T13:20:00-04:00,COMPLETED,24,AMZN,OK,0.0,7.79,1.86,5.7,15.0,10.0,40.34,20.46,NO_VERIFIED_CATALYST,258.48,14263057.0,0.7320809596696298,
radar:2026-09-03:1320,2026-09-03T13:20:00-04:00,COMPLETED,25,GOOGL,OK,0.0,7.01,1.86,6.48,15.0,10.0,40.35,20.46,NO_VERIFIED_CATALYST,342.185,9633818.0,0.7324403665941941,
radar:2026-09-03:1320,2026-09-03T13:20:00-04:00,COMPLETED,26,ABNB,OK,0.0,6.99,2.13,5.81,15.0,10.0,39.93,19.91,NO_VERIFIED_CATALYST,185.81,2626693.0,0.7661388342433242,
radar:2026-09-03:1320,2026-09-03T13:20:00-04:00,COMPLETED,27,JPM,OK,0.0,7.8,1.72,5.3,15.0,10.0,39.82,19.75,NO_VERIFIED_CATALYST,360.87,2302592.0,0.7148875493824453,
radar:2026-09-03:1320,2026-09-03T13:20:00-04:00,COMPLETED,28,NVDA,OK,0.0,5.9,3.46,4.89,15.0,10.0,39.26,19.01,NO_VERIFIED_CATALYST,227.187,69545338.0,0.9331119681593082,
radar:2026-09-03:1320,2026-09-03T13:20:00-04:00,COMPLETED,29,QQQ,OK,0.0,6.69,3.94,3.53,15.0,10.0,39.16,18.88,NO_VERIFIED_CATALYST,716.41,18069855.0,0.9923413331696516,
radar:2026-09-03:1320,2026-09-03T13:20:00-04:00,COMPLETED,30,MRNA,OK,0.0,14.0,0.0,0.0,15.0,10.0,39.0,18.67,NO_VERIFIED_CATALYST|RELATIVE_STRENGTH_NEGATIVE,143.975,7560246.0,0.3922636932447288,
radar:2026-09-03:1320,2026-09-03T13:20:00-04:00,COMPLETED,31,SPY,OK,0.0,5.75,3.85,3.0,15.0,10.0,37.59,16.79,NO_VERIFIED_CATALYST,772.221,21136477.0,0.9808711069695627,
radar:2026-09-03:1320,2026-09-03T13:20:00-04:00,COMPLETED,32,MU,OK,0.0,7.13,3.89,0.0,15.0,10.0,36.02,14.69,NO_VERIFIED_CATALYST|RELATIVE_STRENGTH_NEGATIVE,941.827,16433428.0,0.9863637576323139,
radar:2026-09-03:1320,2026-09-03T13:20:00-04:00,COMPLETED,33,NOC,OK,0.0,7.21,0.0,3.36,15.0,10.0,35.57,14.09,NO_VERIFIED_CATALYST,528.97,187102.0,0.4957132484718726,
radar:2026-09-03:1320,2026-09-03T13:20:00-04:00,COMPLETED,34,BA,OK,0.0,4.45,5.93,0.0,15.0,10.0,35.38,13.85,NO_VERIFIED_CATALYST|RELATIVE_STRENGTH_NEGATIVE,208.47,3601979.0,1.2414132938213753,
radar:2026-09-03:1320,2026-09-03T13:20:00-04:00,COMPLETED,35,VOO,OK,0.0,5.49,1.27,2.97,15.0,10.0,34.73,12.98,NO_VERIFIED_CATALYST|RELATIVE_STRENGTH_NEGATIVE,709.87,2449589.0,0.6585942061132408,
radar:2026-09-03:1320,2026-09-03T13:20:00-04:00,COMPLETED,36,AAPL,OK,0.0,4.32,2.25,3.02,15.0,10.0,34.59,12.79,NO_VERIFIED_CATALYST,327.97,18345314.0,0.7807717913516423,
radar:2026-09-03:1320,2026-09-03T13:20:00-04:00,COMPLETED,37,AMAT,OK,0.0,8.11,1.41,0.0,15.0,10.0,34.52,12.69,NO_VERIFIED_CATALYST|RELATIVE_STRENGTH_NEGATIVE,435.94,2901638.0,0.6761299867460046,
radar:2026-09-03:1320,2026-09-03T13:20:00-04:00,COMPLETED,38,AMD,OK,0.0,6.49,2.84,0.0,15.0,10.0,34.33,12.44,NO_VERIFIED_CATALYST|RELATIVE_STRENGTH_NEGATIVE,457.54,9246246.0,0.8548270397444215,
radar:2026-09-03:1320,2026-09-03T13:20:00-04:00,COMPLETED,39,XAR,OK,0.0,4.79,2.15,1.73,15.0,10.0,33.67,11.56,NO_VERIFIED_CATALYST|RELATIVE_STRENGTH_NEGATIVE,251.99,92940.0,0.7686922344023249,
radar:2026-09-03:1320,2026-09-03T13:20:00-04:00,COMPLETED,40,TXN,OK,0.0,7.9,0.24,0.0,15.0,10.0,33.14,10.86,NO_VERIFIED_CATALYST|RELATIVE_STRENGTH_NEGATIVE,253.76,1744445.0,0.5299817063254358,
radar:2026-09-03:1320,2026-09-03T13:20:00-04:00,COMPLETED,41,UBER,OK,0.0,5.25,2.69,0.0,15.0,10.0,32.94,10.58,NO_VERIFIED_CATALYST|RELATIVE_STRENGTH_NEGATIVE,75.59,8508712.0,0.8359879449312263,
radar:2026-09-03:1320,2026-09-03T13:20:00-04:00,COMPLETED,42,SNDK,OK,0.0,6.4,1.39,0.0,15.0,10.0,32.78,10.38,NO_VERIFIED_CATALYST|RELATIVE_STRENGTH_NEGATIVE,1554.724,5431190.0,0.6731898143059272,
radar:2026-09-03:1320,2026-09-03T13:20:00-04:00,COMPLETED,43,BAC,OK,0.0,4.66,1.94,1.15,15.0,10.0,32.76,10.35,NO_VERIFIED_CATALYST|RELATIVE_STRENGTH_NEGATIVE,62.985,12527820.0,0.7431024462283512,
radar:2026-09-03:1320,2026-09-03T13:20:00-04:00,COMPLETED,44,QCOM,OK,0.0,5.94,0.5,0.0,15.0,10.0,31.44,8.59,NO_VERIFIED_CATALYST|RELATIVE_STRENGTH_NEGATIVE,169.065,3037991.0,0.5618956000655284,
radar:2026-09-03:1320,2026-09-03T13:20:00-04:00,COMPLETED,45,ITA,OK,0.0,4.29,0.77,1.3,15.0,10.0,31.37,8.49,NO_VERIFIED_CATALYST|RELATIVE_STRENGTH_NEGATIVE,224.8,209532.0,0.5964933580263965,
radar:2026-09-03:1320,2026-09-03T13:20:00-04:00,COMPLETED,46,DASH,OK,0.0,5.57,0.0,0.0,15.0,10.0,30.57,7.43,NO_VERIFIED_CATALYST|RELATIVE_STRENGTH_NEGATIVE,223.54,1023688.0,0.38708296418822724,
radar:2026-09-03:1320,2026-09-03T13:20:00-04:00,COMPLETED,47,GE,OK,0.0,3.6,0.17,1.71,15.0,10.0,30.48,7.3,NO_VERIFIED_CATALYST|RELATIVE_STRENGTH_NEGATIVE,331.83,1090107.0,0.5208976986739586,
radar:2026-09-03:1320,2026-09-03T13:20:00-04:00,COMPLETED,48,ONDS,OK,0.0,0.31,3.93,0.0,15.0,10.0,29.23,5.64,NO_VERIFIED_CATALYST|RELATIVE_STRENGTH_NEGATIVE,7.615,42153006.0,0.9908690456035782,
radar:2026-09-03:1320,2026-09-03T13:20:00-04:00,COMPLETED,49,NFLX,OK,0.0,2.93,0.98,0.0,15.0,10.0,28.91,5.22,NO_VERIFIED_CATALYST|RELATIVE_STRENGTH_NEGATIVE,82.21,10102375.0,0.6224855850103161,
radar:2026-09-03:1320,2026-09-03T13:20:00-04:00,COMPLETED,50,CVX,OK,0.0,2.76,0.81,0.2,15.0,10.0,28.77,5.02,NO_VERIFIED_CATALYST|RELATIVE_STRENGTH_NEGATIVE,212.745,2799667.0,0.6008644983764907,
radar:2026-09-03:1320,2026-09-03T13:20:00-04:00,COMPLETED,51,XLE,OK,0.0,0.54,3.14,0.0,15.0,10.0,28.68,4.91,NO_VERIFIED_CATALYST|RELATIVE_STRENGTH_NEGATIVE,65.175,13418279.0,0.8928638100619032,
radar:2026-09-03:1320,2026-09-03T13:20:00-04:00,COMPLETED,52,CSCO,OK,0.0,2.93,0.0,0.0,15.0,10.0,27.93,3.9,NO_VERIFIED_CATALYST|RELATIVE_STRENGTH_NEGATIVE,108.95,5038366.0,0.43326368784701064,
radar:2026-09-03:1320,2026-09-03T13:20:00-04:00,COMPLETED,53,LHX,OK,0.0,1.76,0.66,0.0,15.0,10.0,27.42,3.23,NO_VERIFIED_CATALYST|RELATIVE_STRENGTH_NEGATIVE,260.45,536125.0,0.5829763744851205,
radar:2026-09-03:1320,2026-09-03T13:20:00-04:00,COMPLETED,54,CDNS,OK,0.0,2.31,0.0,0.0,15.0,10.0,27.31,3.08,NO_VERIFIED_CATALYST|RELATIVE_STRENGTH_NEGATIVE,305.15,597586.0,0.4808213570432199,
radar:2026-09-03:1320,2026-09-03T13:20:00-04:00,COMPLETED,55,EBAY,OK,0.0,1.75,0.22,0.0,15.0,10.0,26.97,2.62,NO_VERIFIED_CATALYST|RELATIVE_STRENGTH_NEGATIVE,107.1,1384314.0,0.5273919037516243,
radar:2026-09-03:1320,2026-09-03T13:20:00-04:00,COMPLETED,56,V,OK,0.0,1.69,0.0,0.0,15.0,10.0,26.69,2.25,NO_VERIFIED_CATALYST|RELATIVE_STRENGTH_NEGATIVE,377.03,1515908.0,0.3835423109743571,
radar:2026-09-03:1320,2026-09-03T13:20:00-04:00,COMPLETED,57,PG,OK,0.0,1.55,0.0,0.0,15.0,10.0,26.55,2.06,NO_VERIFIED_CATALYST|RELATIVE_STRENGTH_NEGATIVE,147.64,2293089.0,0.4275450125885886,
radar:2026-09-03:1320,2026-09-03T13:20:00-04:00,COMPLETED,58,DIS,OK,0.0,1.34,0.0,0.0,15.0,10.0,26.34,1.79,NO_VERIFIED_CATALYST|RELATIVE_STRENGTH_NEGATIVE,107.67,2294939.0,0.4732882292964497,
radar:2026-09-03:1320,2026-09-03T13:20:00-04:00,COMPLETED,59,REMX,OK,0.0,0.73,0.0,0.0,15.0,10.0,25.73,0.98,NO_VERIFIED_CATALYST|RELATIVE_STRENGTH_NEGATIVE,76.17,150932.0,0.4062500943109802,
radar:2026-09-03:1320,2026-09-03T13:20:00-04:00,COMPLETED,60,SNPS,OK,0.0,0.08,0.6,0.0,15.0,10.0,25.68,0.91,NO_VERIFIED_CATALYST|RELATIVE_STRENGTH_NEGATIVE,415.903,565166.0,0.5755757249003275,
radar:2026-09-03:1350,2026-09-03T13:50:00-04:00,COMPLETED,1,DELL,OK,0.0,20.0,20.0,15.0,15.0,10.0,80.0,73.33,NO_VERIFIED_CATALYST,515.91,14899087.0,3.058648624166434,e91acaa8-9941-42cb-a22e-77cc21b3755d
radar:2026-09-03:1350,2026-09-03T13:50:00-04:00,COMPLETED,2,HOOD,OK,0.0,20.0,20.0,15.0,15.0,10.0,80.0,73.33,NO_VERIFIED_CATALYST,124.354,38597939.0,3.1518123011358496,437bcc4b-3046-45d3-9936-a805df27b56f
radar:2026-09-03:1350,2026-09-03T13:50:00-04:00,COMPLETED,3,TSLA,OK,0.0,20.0,11.88,15.0,15.0,10.0,71.88,62.51,NO_VERIFIED_CATALYST|QUALITY_OR_LANE_BLOCKED,382.39,46062310.0,1.98561104570045,
radar:2026-09-03:1350,2026-09-03T13:50:00-04:00,COMPLETED,4,IBIT,OK,0.0,20.0,8.91,15.0,15.0,10.0,68.91,58.55,NO_VERIFIED_CATALYST|RISK_TOO_SMALL,45.975,59885274.0,1.6140375644168339,
radar:2026-09-03:1350,2026-09-03T13:50:00-04:00,COMPLETED,5,MSTR,OK,0.0,20.0,8.58,15.0,15.0,10.0,68.58,58.1,NO_VERIFIED_CATALYST|QUALITY_OR_LANE_BLOCKED,141.65,27374931.0,1.5721169309189542,
radar:2026-09-03:1350,2026-09-03T13:50:00-04:00,COMPLETED,6,COIN,OK,0.0,20.0,7.81,15.0,15.0,10.0,67.81,57.08,NO_VERIFIED_CATALYST,193.6,9410042.0,1.475913344559132,
radar:2026-09-03:1350,2026-09-03T13:50:00-04:00,COMPLETED,7,AVGO,OK,0.0,20.0,20.0,0.0,15.0,10.0,65.0,53.33,NO_VERIFIED_CATALYST|RELATIVE_STRENGTH_NEGATIVE,353.901,42939626.0,3.194103422042968,
radar:2026-09-03:1350,2026-09-03T13:50:00-04:00,COMPLETED,8,PYPL,OK,0.0,20.0,4.34,15.0,15.0,10.0,64.34,52.45,NO_VERIFIED_CATALYST,56.33,8340903.0,1.0421257457000612,
radar:2026-09-03:1350,2026-09-03T13:50:00-04:00,COMPLETED,9,ORCL,OK,0.0,20.0,3.46,15.0,15.0,10.0,63.46,51.27,NO_VERIFIED_CATALYST,154.36,13942204.0,0.9320305496725462,
radar:2026-09-03:1350,2026-09-03T13:50:00-04:00,COMPLETED,10,PLTR,OK,0.0,17.25,4.99,15.0,15.0,10.0,62.24,49.66,NO_VERIFIED_CATALYST,182.91,26840824.0,1.1242481971674092,
radar:2026-09-03:1350,2026-09-03T13:50:00-04:00,COMPLETED,11,META,OK,0.0,14.58,5.21,15.0,15.0,10.0,59.79,46.39,NO_VERIFIED_CATALYST,614.52,11794388.0,1.1510231943232767,
radar:2026-09-03:1350,2026-09-03T13:50:00-04:00,COMPLETED,12,GS,OK,0.0,16.78,1.53,15.0,15.0,10.0,58.31,44.41,NO_VERIFIED_CATALYST,1035.24,836162.0,0.6910847910892712,
radar:2026-09-03:1350,2026-09-03T13:50:00-04:00,COMPLETED,13,IBKR,OK,0.0,16.85,1.26,15.0,15.0,10.0,58.12,44.16,NO_VERIFIED_CATALYST,92.72,1863150.0,0.6577452997945268,
radar:2026-09-03:1350,2026-09-03T13:50:00-04:00,COMPLETED,14,NOW,OK,0.0,14.5,1.63,15.0,15.0,10.0,56.14,41.51,NO_VERIFIED_CATALYST,144.56,8516012.0,0.7038617152692289,
radar:2026-09-03:1350,2026-09-03T13:50:00-04:00,COMPLETED,15,WDAY,OK,0.0,15.44,0.0,15.0,15.0,10.0,55.44,40.59,NO_VERIFIED_CATALYST,208.05,1593866.0,0.47441059191714935,
radar:2026-09-03:1350,2026-09-03T13:50:00-04:00,COMPLETED,16,WMT,OK,0.0,16.22,1.57,12.59,15.0,10.0,55.39,40.51,NO_VERIFIED_CATALYST,108.875,12876683.0,0.6966915803157082,
radar:2026-09-03:1350,2026-09-03T13:50:00-04:00,COMPLETED,17,NVDA,OK,0.0,15.38,3.98,10.15,15.0,10.0,54.51,39.35,NO_VERIFIED_CATALYST,229.39,84005788.0,0.9970788503561703,
radar:2026-09-03:1350,2026-09-03T13:50:00-04:00,COMPLETED,18,MSFT,OK,0.0,12.8,2.22,13.29,15.0,10.0,53.3,37.73,NO_VERIFIED_CATALYST,510.442,12513409.0,0.7772246147266364,
radar:2026-09-03:1350,2026-09-03T13:50:00-04:00,COMPLETED,19,GLTR,OK,0.0,15.03,0.33,12.69,15.0,10.0,53.05,37.4,NO_VERIFIED_CATALYST,204.095,22283.0,0.5410668494495664,
radar:2026-09-03:1350,2026-09-03T13:50:00-04:00,COMPLETED,20,MRVL,OK,0.0,15.53,1.2,9.08,15.0,10.0,50.81,34.42,NO_VERIFIED_CATALYST,210.695,10530401.0,0.6502871610577243,
radar:2026-09-03:1350,2026-09-03T13:50:00-04:00,COMPLETED,21,ALAB,OK,0.0,14.36,1.47,7.58,15.0,10.0,48.41,31.21,NO_VERIFIED_CATALYST,279.04,1525486.0,0.6832860446556844,
radar:2026-09-03:1350,2026-09-03T13:50:00-04:00,COMPLETED,22,MS,OK,0.0,9.91,1.84,9.58,15.0,10.0,46.34,28.45,NO_VERIFIED_CATALYST,216.32,1887311.0,0.7298683000132844,
radar:2026-09-03:1350,2026-09-03T13:50:00-04:00,COMPLETED,23,INTC,OK,0.0,13.38,1.33,6.33,15.0,10.0,46.04,28.06,NO_VERIFIED_CATALYST,91.475,42943053.0,0.6658945363261916,
radar:2026-09-03:1350,2026-09-03T13:50:00-04:00,COMPLETED,24,ADBE,OK,0.0,9.72,0.45,9.34,15.0,10.0,44.51,26.01,NO_VERIFIED_CATALYST,285.62,1586592.0,0.5556834802233361,
radar:2026-09-03:1350,2026-09-03T13:50:00-04:00,COMPLETED,25,JPM,OK,0.0,11.16,1.38,6.67,15.0,10.0,44.2,25.61,NO_VERIFIED_CATALYST,362.06,2446974.0,0.6720547477056531,
radar:2026-09-03:1350,2026-09-03T13:50:00-04:00,COMPLETED,26,GOOGL,OK,0.0,8.1,1.53,6.7,15.0,10.0,41.33,21.77,NO_VERIFIED_CATALYST,342.66,10285766.0,0.6917752668236019,
radar:2026-09-03:1350,2026-09-03T13:50:00-04:00,COMPLETED,27,BA,OK,0.0,9.07,5.91,0.79,15.0,10.0,40.77,21.03,NO_VERIFIED_CATALYST|RELATIVE_STRENGTH_NEGATIVE,210.245,4064872.0,1.2393005616151767,
radar:2026-09-03:1350,2026-09-03T13:50:00-04:00,COMPLETED,28,QQQ,OK,0.0,8.42,3.37,3.95,15.0,10.0,40.75,21.0,NO_VERIFIED_CATALYST,717.65,18971895.0,0.9216620012155713,
radar:2026-09-03:1350,2026-09-03T13:50:00-04:00,COMPLETED,29,ABNB,OK,0.0,7.95,1.87,5.81,15.0,10.0,40.63,20.84,NO_VERIFIED_CATALYST,186.0,2844096.0,0.7338325442366279,
radar:2026-09-03:1350,2026-09-03T13:50:00-04:00,COMPLETED,30,MRNA,OK,0.0,14.0,0.0,0.0,15.0,10.0,39.0,18.67,NO_VERIFIED_CATALYST|RELATIVE_STRENGTH_NEGATIVE,144.17,7919922.0,0.36351107510553987,
radar:2026-09-03:1350,2026-09-03T13:50:00-04:00,COMPLETED,31,XAR,OK,0.0,8.68,1.82,3.41,15.0,10.0,38.91,18.55,NO_VERIFIED_CATALYST,252.95,99511.0,0.7280739169085123,
radar:2026-09-03:1350,2026-09-03T13:50:00-04:00,COMPLETED,32,AMZN,OK,0.0,6.97,1.45,4.65,15.0,10.0,38.08,17.43,NO_VERIFIED_CATALYST,258.301,15011267.0,0.6815824514799576,
radar:2026-09-03:1350,2026-09-03T13:50:00-04:00,COMPLETED,33,SPY,OK,0.0,6.76,3.31,3.0,15.0,10.0,38.07,17.43,NO_VERIFIED_CATALYST,773.02,22261523.0,0.9138791521725893,
radar:2026-09-03:1350,2026-09-03T13:50:00-04:00,COMPLETED,34,NOC,OK,0.0,7.67,0.0,3.14,15.0,10.0,35.82,14.42,NO_VERIFIED_CATALYST,529.325,205469.0,0.4815628324086159,
radar:2026-09-03:1350,2026-09-03T13:50:00-04:00,COMPLETED,35,MU,OK,0.0,7.53,3.24,0.0,15.0,10.0,35.77,14.35,NO_VERIFIED_CATALYST|RELATIVE_STRENGTH_NEGATIVE,944.66,17043621.0,0.9049516265709279,
radar:2026-09-03:1350,2026-09-03T13:50:00-04:00,COMPLETED,36,BAC,OK,0.0,7.07,1.54,1.96,15.0,10.0,35.58,14.1,NO_VERIFIED_CATALYST|RELATIVE_STRENGTH_NEGATIVE,63.135,13201942.0,0.6927324999929388,
radar:2026-09-03:1350,2026-09-03T13:50:00-04:00,COMPLETED,37,VOO,OK,0.0,6.49,1.0,2.97,15.0,10.0,35.47,13.96,NO_VERIFIED_CATALYST|RELATIVE_STRENGTH_NEGATIVE,710.604,2628567.0,0.6251702321310407,
radar:2026-09-03:1350,2026-09-03T13:50:00-04:00,COMPLETED,38,AMD,OK,0.0,6.81,2.28,0.0,15.0,10.0,34.08,12.11,NO_VERIFIED_CATALYST|RELATIVE_STRENGTH_NEGATIVE,457.85,9593263.0,0.7845736441694199,
radar:2026-09-03:1350,2026-09-03T13:50:00-04:00,COMPLETED,39,ITA,OK,0.0,6.19,0.86,1.91,15.0,10.0,33.97,11.96,NO_VERIFIED_CATALYST|RELATIVE_STRENGTH_NEGATIVE,225.26,241291.0,0.6076464063244519,
radar:2026-09-03:1350,2026-09-03T13:50:00-04:00,COMPLETED,40,SNDK,OK,0.0,7.81,1.06,0.0,15.0,10.0,33.88,11.84,NO_VERIFIED_CATALYST|RELATIVE_STRENGTH_NEGATIVE,1559.44,5772658.0,0.6329551320636508,
radar:2026-09-03:1350,2026-09-03T13:50:00-04:00,COMPLETED,41,AMAT,OK,0.0,7.57,1.03,0.0,15.0,10.0,33.6,11.47,NO_VERIFIED_CATALYST|RELATIVE_STRENGTH_NEGATIVE,434.97,3048692.0,0.6284273462727356,
radar:2026-09-03:1350,2026-09-03T13:50:00-04:00,COMPLETED,42,TXN,OK,0.0,7.71,0.0,0.0,15.0,10.0,32.71,10.28,NO_VERIFIED_CATALYST|RELATIVE_STRENGTH_NEGATIVE,253.44,1828831.0,0.4915092881930602,
radar:2026-09-03:1350,2026-09-03T13:50:00-04:00,COMPLETED,43,QCOM,OK,0.0,6.75,0.26,0.0,15.0,10.0,32.01,9.34,NO_VERIFIED_CATALYST|RELATIVE_STRENGTH_NEGATIVE,169.31,3256135.0,0.5327532498881458,
radar:2026-09-03:1350,2026-09-03T13:50:00-04:00,COMPLETED,44,UBER,OK,0.0,4.09,2.27,0.0,15.0,10.0,31.36,8.47,NO_VERIFIED_CATALYST|RELATIVE_STRENGTH_NEGATIVE,75.78,9012272.0,0.7832944299920201,
radar:2026-09-03:1350,2026-09-03T13:50:00-04:00,COMPLETED,45,AAPL,OK,0.0,3.2,2.03,0.94,15.0,10.0,31.17,8.23,NO_VERIFIED_CATALYST|RELATIVE_STRENGTH_NEGATIVE,327.185,20036343.0,0.7543484096912216,
radar:2026-09-03:1350,2026-09-03T13:50:00-04:00,COMPLETED,46,NFLX,OK,0.0,4.89,1.26,0.0,15.0,10.0,31.14,8.19,NO_VERIFIED_CATALYST|RELATIVE_STRENGTH_NEGATIVE,82.995,12060634.0,0.6574012240469129,
radar:2026-09-03:1350,2026-09-03T13:50:00-04:00,COMPLETED,47,ONDS,OK,0.0,2.15,3.72,0.0,15.0,10.0,30.87,7.82,NO_VERIFIED_CATALYST|RELATIVE_STRENGTH_NEGATIVE,7.645,46416739.0,0.9651990676684468,
radar:2026-09-03:1350,2026-09-03T13:50:00-04:00,COMPLETED,48,DASH,OK,0.0,5.21,0.0,0.0,15.0,10.0,30.21,6.94,NO_VERIFIED_CATALYST|RELATIVE_STRENGTH_NEGATIVE,223.715,1157621.0,0.3872196597660615,
radar:2026-09-03:1350,2026-09-03T13:50:00-04:00,COMPLETED,49,XLE,OK,0.0,1.11,2.85,0.0,15.0,10.0,28.96,5.29,NO_VERIFIED_CATALYST|RELATIVE_STRENGTH_NEGATIVE,64.945,14553176.0,0.8566447169466999,
radar:2026-09-03:1350,2026-09-03T13:50:00-04:00,COMPLETED,50,GE,OK,0.0,3.1,0.0,0.82,15.0,10.0,28.93,5.24,NO_VERIFIED_CATALYST|RELATIVE_STRENGTH_NEGATIVE,331.69,1170866.0,0.49493146191205833,
radar:2026-09-03:1350,2026-09-03T13:50:00-04:00,COMPLETED,51,EBAY,OK,0.0,2.62,0.33,0.0,15.0,10.0,27.96,3.94,NO_VERIFIED_CATALYST|RELATIVE_STRENGTH_NEGATIVE,106.1,1606354.0,0.5413705951906428,
radar:2026-09-03:1350,2026-09-03T13:50:00-04:00,COMPLETED,52,CSCO,OK,0.0,2.85,0.0,0.0,15.0,10.0,27.85,3.81,NO_VERIFIED_CATALYST|RELATIVE_STRENGTH_NEGATIVE,108.925,5339536.0,0.40618198260585325,
radar:2026-09-03:1350,2026-09-03T13:50:00-04:00,COMPLETED,53,LHX,OK,0.0,1.94,0.44,0.0,15.0,10.0,27.38,3.17,NO_VERIFIED_CATALYST|RELATIVE_STRENGTH_NEGATIVE,260.9,576456.0,0.554505191287858,
radar:2026-09-03:1350,2026-09-03T13:50:00-04:00,COMPLETED,54,DIS,OK,0.0,1.62,0.0,0.0,15.0,10.0,26.62,2.16,NO_VERIFIED_CATALYST|RELATIVE_STRENGTH_NEGATIVE,107.605,2522919.0,0.4602697377668891,
radar:2026-09-03:1350,2026-09-03T13:50:00-04:00,COMPLETED,55,CDNS,OK,0.0,1.34,0.0,0.0,15.0,10.0,26.34,1.79,NO_VERIFIED_CATALYST|RELATIVE_STRENGTH_NEGATIVE,305.79,653656.0,0.46525081662910917,
radar:2026-09-03:1350,2026-09-03T13:50:00-04:00,COMPLETED,56,PG,OK,0.0,1.22,0.0,0.0,15.0,10.0,26.22,1.63,NO_VERIFIED_CATALYST|RELATIVE_STRENGTH_NEGATIVE,147.395,2478457.0,0.40878681429116176,
radar:2026-09-03:1350,2026-09-03T13:50:00-04:00,COMPLETED,57,CVX,OK,0.0,0.13,0.89,0.0,15.0,10.0,26.02,1.35,NO_VERIFIED_CATALYST|RELATIVE_STRENGTH_NEGATIVE,211.721,3216471.0,0.6106668758792553,
radar:2026-09-03:1350,2026-09-03T13:50:00-04:00,COMPLETED,58,V,OK,0.0,0.79,0.0,0.0,15.0,10.0,25.79,1.05,NO_VERIFIED_CATALYST|RELATIVE_STRENGTH_NEGATIVE,377.76,1694819.0,0.37933098311877134,
radar:2026-09-03:1350,2026-09-03T13:50:00-04:00,COMPLETED,59,REMX,OK,0.0,0.67,0.0,0.0,15.0,10.0,25.67,0.89,NO_VERIFIED_CATALYST|RELATIVE_STRENGTH_NEGATIVE,76.34,161388.0,0.38427129525821657,
radar:2026-09-03:1350,2026-09-03T13:50:00-04:00,COMPLETED,60,SNPS,OK,0.0,0.22,0.44,0.0,15.0,10.0,25.66,0.88,NO_VERIFIED_CATALYST|RELATIVE_STRENGTH_NEGATIVE,415.77,615822.0,0.5547996757744441,
radar:2026-09-03:1420,2026-09-03T14:20:00-04:00,COMPLETED,1,HOOD,OK,0.0,20.0,19.59,15.0,15.0,10.0,79.59,72.78,NO_VERIFIED_CATALYST,123.875,40270167.0,2.948185638724052,2635cc85-0ef8-4343-8e28-1f097e872be1
radar:2026-09-03:1420,2026-09-03T14:20:00-04:00,COMPLETED,2,DELL,OK,0.0,20.0,18.81,15.0,15.0,10.0,78.81,71.75,NO_VERIFIED_CATALYST,515.4,15493179.0,2.851580496382556,c90eea56-f065-42f5-ba7e-ef82a28cbb99
radar:2026-09-03:1420,2026-09-03T14:20:00-04:00,COMPLETED,3,TSLA,OK,0.0,20.0,10.83,15.0,15.0,10.0,70.83,61.1,NO_VERIFIED_CATALYST|QUALITY_OR_LANE_BLOCKED,382.186,47956528.0,1.853409412849177,
radar:2026-09-03:1420,2026-09-03T14:20:00-04:00,COMPLETED,4,IBIT,OK,0.0,20.0,8.3,15.0,15.0,10.0,68.3,57.74,NO_VERIFIED_CATALYST|RISK_TOO_SMALL,45.995,63644357.0,1.5379020123195688,
radar:2026-09-03:1420,2026-09-03T14:20:00-04:00,COMPLETED,5,MSTR,OK,0.0,20.0,7.8,15.0,15.0,10.0,67.8,57.07,NO_VERIFIED_CATALYST|QUALITY_OR_LANE_BLOCKED,141.82,28652830.0,1.475280152361608,
radar:2026-09-03:1420,2026-09-03T14:20:00-04:00,COMPLETED,6,COIN,OK,0.0,20.0,7.0,15.0,15.0,10.0,67.0,56.01,NO_VERIFIED_CATALYST,192.85,9781635.0,1.375485180739562,
radar:2026-09-03:1420,2026-09-03T14:20:00-04:00,COMPLETED,7,AVGO,OK,0.0,20.0,20.0,0.0,15.0,10.0,65.0,53.33,LIQUIDITY_WEAK|NO_VERIFIED_CATALYST|RELATIVE_STRENGTH_NEGATIVE,355.893,45193632.0,3.013999156879812,
radar:2026-09-03:1420,2026-09-03T14:20:00-04:00,COMPLETED,8,PYPL,OK,0.0,20.0,4.3,15.0,15.0,10.0,64.3,52.4,NO_VERIFIED_CATALYST,56.81,9262690.0,1.0375746417339757,
radar:2026-09-03:1420,2026-09-03T14:20:00-04:00,COMPLETED,9,ORCL,OK,0.0,20.0,3.75,15.0,15.0,10.0,63.75,51.66,NO_VERIFIED_CATALYST,156.45,16158039.0,0.9684172833306871,
radar:2026-09-03:1420,2026-09-03T14:20:00-04:00,COMPLETED,10,PLTR,OK,0.0,18.08,4.34,15.0,15.0,10.0,62.42,49.89,NO_VERIFIED_CATALYST,183.21,27752386.0,1.0421778719465504,
radar:2026-09-03:1420,2026-09-03T14:20:00-04:00,COMPLETED,11,NOW,OK,0.0,20.0,1.55,15.0,15.0,10.0,61.55,48.73,LIQUIDITY_WEAK|NO_VERIFIED_CATALYST,146.312,9355127.0,0.6932277373550984,
radar:2026-09-03:1420,2026-09-03T14:20:00-04:00,COMPLETED,12,MSFT,OK,0.0,18.33,2.23,15.0,15.0,10.0,60.57,47.42,NO_VERIFIED_CATALYST,514.721,13995778.0,0.7793689806587861,
radar:2026-09-03:1420,2026-09-03T14:20:00-04:00,COMPLETED,13,META,OK,0.0,14.66,4.64,15.0,15.0,10.0,59.3,45.73,NO_VERIFIED_CATALYST,614.635,12343536.0,1.079999159439973,
radar:2026-09-03:1420,2026-09-03T14:20:00-04:00,COMPLETED,14,IBKR,OK,0.0,16.66,1.08,15.0,15.0,10.0,57.75,43.66,NO_VERIFIED_CATALYST,92.72,2007936.0,0.6355284012847473,
radar:2026-09-03:1420,2026-09-03T14:20:00-04:00,COMPLETED,15,WDAY,OK,0.0,16.51,0.0,15.0,15.0,10.0,56.51,42.01,NO_VERIFIED_CATALYST,208.445,1665780.0,0.4445241689210807,
radar:2026-09-03:1420,2026-09-03T14:20:00-04:00,COMPLETED,16,NVDA,OK,0.0,16.4,4.01,10.55,15.0,10.0,55.96,41.29,NO_VERIFIED_CATALYST,229.76,94137875.0,1.0017511503982939,
radar:2026-09-03:1420,2026-09-03T14:20:00-04:00,COMPLETED,17,WMT,OK,0.0,16.4,1.29,12.23,15.0,10.0,54.91,39.88,NO_VERIFIED_CATALYST,108.915,13634561.0,0.6613827779124578,
radar:2026-09-03:1420,2026-09-03T14:20:00-04:00,COMPLETED,18,MRVL,OK,0.0,17.36,0.91,10.85,15.0,10.0,54.11,38.82,NO_VERIFIED_CATALYST,211.505,11078403.0,0.6133559667512953,
radar:2026-09-03:1420,2026-09-03T14:20:00-04:00,COMPLETED,19,GS,OK,0.0,13.65,1.27,12.74,15.0,10.0,52.67,36.89,NO_VERIFIED_CATALYST,1032.03,889574.0,0.6591710943220703,
radar:2026-09-03:1420,2026-09-03T14:20:00-04:00,COMPLETED,20,ALAB,OK,0.0,15.8,1.38,8.85,15.0,10.0,51.03,34.71,NO_VERIFIED_CATALYST,279.888,1673895.0,0.6721987516153117,
radar:2026-09-03:1420,2026-09-03T14:20:00-04:00,COMPLETED,21,GLTR,OK,0.0,13.66,0.25,11.46,15.0,10.0,50.36,33.82,NO_VERIFIED_CATALYST,203.88,24414.0,0.5314854391996797,
radar:2026-09-03:1420,2026-09-03T14:20:00-04:00,COMPLETED,22,INTC,OK,0.0,15.22,1.16,8.11,15.0,10.0,49.49,32.66,NO_VERIFIED_CATALYST,91.83,46395501.0,0.645005723278962,
radar:2026-09-03:1420,2026-09-03T14:20:00-04:00,COMPLETED,23,ADBE,OK,0.0,11.91,0.3,11.56,15.0,10.0,48.77,31.69,NO_VERIFIED_CATALYST,286.93,1711026.0,0.5372717424760156,
radar:2026-09-03:1420,2026-09-03T14:20:00-04:00,COMPLETED,24,MS,OK,0.0,9.87,1.65,8.94,15.0,10.0,45.46,27.28,NO_VERIFIED_CATALYST,216.3,2037834.0,0.7065534140764783,
radar:2026-09-03:1420,2026-09-03T14:20:00-04:00,COMPLETED,25,QQQ,OK,0.0,9.56,3.25,4.18,15.0,10.0,42.0,22.66,NO_VERIFIED_CATALYST,718.62,20818887.0,0.9067626917637918,
radar:2026-09-03:1420,2026-09-03T14:20:00-04:00,COMPLETED,26,AMZN,OK,0.0,9.75,1.23,5.72,15.0,10.0,41.7,22.27,NO_VERIFIED_CATALYST,259.005,16065867.0,0.6540039673562393,
radar:2026-09-03:1420,2026-09-03T14:20:00-04:00,COMPLETED,27,JPM,OK,0.0,9.97,1.16,5.53,15.0,10.0,41.66,22.21,NO_VERIFIED_CATALYST,361.73,2621429.0,0.645488580063553,
radar:2026-09-03:1420,2026-09-03T14:20:00-04:00,COMPLETED,28,GOOGL,OK,0.0,8.76,1.23,6.5,15.0,10.0,41.49,21.99,NO_VERIFIED_CATALYST,342.88,10850261.0,0.6542500140892252,
radar:2026-09-03:1420,2026-09-03T14:20:00-04:00,COMPLETED,29,BA,OK,0.0,9.36,5.69,0.57,15.0,10.0,40.62,20.83,NO_VERIFIED_CATALYST|RELATIVE_STRENGTH_NEGATIVE,210.375,4431543.0,1.211322835846179,
radar:2026-09-03:1420,2026-09-03T14:20:00-04:00,COMPLETED,30,MRNA,OK,0.0,14.0,0.0,0.0,15.0,10.0,39.0,18.67,NO_VERIFIED_CATALYST|RELATIVE_STRENGTH_NEGATIVE,144.895,8592863.0,0.3535979962042717,
radar:2026-09-03:1420,2026-09-03T14:20:00-04:00,COMPLETED,31,SPY,OK,0.0,7.62,3.07,3.0,15.0,10.0,38.69,18.25,NO_VERIFIED_CATALYST,773.77,23997180.0,0.8832207656335536,
radar:2026-09-03:1420,2026-09-03T14:20:00-04:00,COMPLETED,32,XAR,OK,0.0,7.73,2.07,2.58,15.0,10.0,37.38,16.51,NO_VERIFIED_CATALYST|RELATIVE_STRENGTH_NEGATIVE,252.85,115733.0,0.7591660150217433,
radar:2026-09-03:1420,2026-09-03T14:20:00-04:00,COMPLETED,33,ABNB,OK,0.0,5.91,1.71,3.84,15.0,10.0,36.46,15.28,NO_VERIFIED_CATALYST,185.58,3083073.0,0.7132005828070875,
radar:2026-09-03:1420,2026-09-03T14:20:00-04:00,COMPLETED,34,VOO,OK,0.0,7.38,0.79,2.97,15.0,10.0,36.14,14.85,NO_VERIFIED_CATALYST|RELATIVE_STRENGTH_NEGATIVE,711.285,2806276.0,0.5983906326302558,
radar:2026-09-03:1420,2026-09-03T14:20:00-04:00,COMPLETED,35,MU,OK,0.0,8.03,2.79,0.0,15.0,10.0,35.81,14.42,NO_VERIFIED_CATALYST|RELATIVE_STRENGTH_NEGATIVE,949.26,17823912.0,0.8484801587086221,
radar:2026-09-03:1420,2026-09-03T14:20:00-04:00,COMPLETED,36,NOC,OK,0.0,6.97,0.0,2.32,15.0,10.0,34.29,12.38,NO_VERIFIED_CATALYST|RELATIVE_STRENGTH_NEGATIVE,529.12,230654.0,0.48466628342100865,
radar:2026-09-03:1420,2026-09-03T14:20:00-04:00,COMPLETED,37,SNDK,OK,0.0,8.45,0.79,0.0,15.0,10.0,34.23,12.31,NO_VERIFIED_CATALYST|RELATIVE_STRENGTH_NEGATIVE,1561.54,6090021.0,0.5986749024088834,
radar:2026-09-03:1420,2026-09-03T14:20:00-04:00,COMPLETED,38,ITA,OK,0.0,6.48,0.72,1.59,15.0,10.0,33.79,11.72,NO_VERIFIED_CATALYST|RELATIVE_STRENGTH_NEGATIVE,225.36,261309.0,0.5899827900739439,
radar:2026-09-03:1420,2026-09-03T14:20:00-04:00,COMPLETED,39,AMAT,OK,0.0,7.39,0.73,0.0,15.0,10.0,33.12,10.82,NO_VERIFIED_CATALYST|RELATIVE_STRENGTH_NEGATIVE,434.994,3199952.0,0.5913711761991677,
radar:2026-09-03:1420,2026-09-03T14:20:00-04:00,COMPLETED,40,QCOM,OK,0.0,7.81,0.15,0.0,15.0,10.0,32.96,10.62,NO_VERIFIED_CATALYST|RELATIVE_STRENGTH_NEGATIVE,169.695,3540121.0,0.5192983902790685,
radar:2026-09-03:1420,2026-09-03T14:20:00-04:00,COMPLETED,41,AMD,OK,0.0,6.06,1.9,0.0,15.0,10.0,32.96,10.61,NO_VERIFIED_CATALYST|RELATIVE_STRENGTH_NEGATIVE,457.12,10055048.0,0.7372701946555794,
radar:2026-09-03:1420,2026-09-03T14:20:00-04:00,COMPLETED,42,BAC,OK,0.0,5.66,1.22,0.66,15.0,10.0,32.54,10.05,NO_VERIFIED_CATALYST|RELATIVE_STRENGTH_NEGATIVE,63.06,13862448.0,0.6521430013241759,
radar:2026-09-03:1420,2026-09-03T14:20:00-04:00,COMPLETED,43,TXN,OK,0.0,7.32,0.0,0.0,15.0,10.0,32.32,9.76,NO_VERIFIED_CATALYST|RELATIVE_STRENGTH_NEGATIVE,253.21,1920735.0,0.4628079064630407,
radar:2026-09-03:1420,2026-09-03T14:20:00-04:00,COMPLETED,44,AAPL,OK,0.0,3.24,1.79,0.41,15.0,10.0,30.44,7.25,NO_VERIFIED_CATALYST|RELATIVE_STRENGTH_NEGATIVE,327.215,21432483.0,0.7234377618561716,
radar:2026-09-03:1420,2026-09-03T14:20:00-04:00,COMPLETED,45,UBER,OK,0.0,3.17,1.95,0.0,15.0,10.0,30.12,6.83,NO_VERIFIED_CATALYST|RELATIVE_STRENGTH_NEGATIVE,75.93,9541663.0,0.7435154308014978,
radar:2026-09-03:1420,2026-09-03T14:20:00-04:00,COMPLETED,46,ONDS,OK,0.0,1.23,3.61,0.0,15.0,10.0,29.84,6.45,NO_VERIFIED_CATALYST|RELATIVE_STRENGTH_NEGATIVE,7.59,51023983.0,0.9512436922445893,
radar:2026-09-03:1420,2026-09-03T14:20:00-04:00,COMPLETED,47,DASH,OK,0.0,4.74,0.0,0.0,15.0,10.0,29.74,6.33,NO_VERIFIED_CATALYST|RELATIVE_STRENGTH_NEGATIVE,223.94,1311712.0,0.3933731006816505,
radar:2026-09-03:1420,2026-09-03T14:20:00-04:00,COMPLETED,48,XLE,OK,0.0,1.68,2.51,0.0,15.0,10.0,29.2,5.6,NO_VERIFIED_CATALYST|RELATIVE_STRENGTH_NEGATIVE,64.865,15424023.0,0.813983850271679,
radar:2026-09-03:1420,2026-09-03T14:20:00-04:00,COMPLETED,49,EBAY,OK,0.0,3.89,0.18,0.0,15.0,10.0,29.07,5.43,NO_VERIFIED_CATALYST|RELATIVE_STRENGTH_NEGATIVE,105.81,1727812.0,0.5220655728147184,
radar:2026-09-03:1420,2026-09-03T14:20:00-04:00,COMPLETED,50,NFLX,OK,0.0,2.02,1.13,0.0,15.0,10.0,28.15,4.2,NO_VERIFIED_CATALYST|RELATIVE_STRENGTH_NEGATIVE,82.79,13132363.0,0.6417685252896708,
radar:2026-09-03:1420,2026-09-03T14:20:00-04:00,COMPLETED,51,GE,OK,0.0,2.91,0.0,0.0,15.0,10.0,27.91,3.88,NO_VERIFIED_CATALYST|RELATIVE_STRENGTH_NEGATIVE,331.555,1265580.0,0.4796259086627457,
radar:2026-09-03:1420,2026-09-03T14:20:00-04:00,COMPLETED,52,CSCO,OK,0.0,2.71,0.0,0.0,15.0,10.0,27.71,3.61,NO_VERIFIED_CATALYST|RELATIVE_STRENGTH_NEGATIVE,108.82,5707238.0,0.38924073566978973,
radar:2026-09-03:1420,2026-09-03T14:20:00-04:00,COMPLETED,53,LHX,OK,0.0,1.85,0.33,0.0,15.0,10.0,27.18,2.91,NO_VERIFIED_CATALYST|RELATIVE_STRENGTH_NEGATIVE,260.975,627091.0,0.5408105875398698,
radar:2026-09-03:1420,2026-09-03T14:20:00-04:00,COMPLETED,54,SNPS,OK,0.0,1.62,0.28,0.0,15.0,10.0,26.9,2.53,NO_VERIFIED_CATALYST|RELATIVE_STRENGTH_NEGATIVE,417.235,662849.0,0.5353906335537795,
radar:2026-09-03:1420,2026-09-03T14:20:00-04:00,COMPLETED,55,CVX,OK,0.0,0.52,0.79,0.0,15.0,10.0,26.31,1.75,NO_VERIFIED_CATALYST|RELATIVE_STRENGTH_NEGATIVE,211.543,3515405.0,0.5983774991003502,
radar:2026-09-03:1420,2026-09-03T14:20:00-04:00,COMPLETED,56,REMX,OK,0.0,1.25,0.0,0.0,15.0,10.0,26.25,1.67,NO_VERIFIED_CATALYST|RELATIVE_STRENGTH_NEGATIVE,76.085,183031.0,0.39072079151429007,
radar:2026-09-03:1420,2026-09-03T14:20:00-04:00,COMPLETED,57,DIS,OK,0.0,1.23,0.0,0.0,15.0,10.0,26.23,1.64,NO_VERIFIED_CATALYST|RELATIVE_STRENGTH_NEGATIVE,107.695,2754506.0,0.4505344467409201,
radar:2026-09-03:1420,2026-09-03T14:20:00-04:00,COMPLETED,58,PG,OK,0.0,1.16,0.0,0.0,15.0,10.0,26.16,1.54,NO_VERIFIED_CATALYST|RELATIVE_STRENGTH_NEGATIVE,147.33,2678234.0,0.39604011173912873,
radar:2026-09-03:1420,2026-09-03T14:20:00-04:00,COMPLETED,59,V,OK,0.0,0.32,0.0,0.0,15.0,10.0,25.32,0.42,NO_VERIFIED_CATALYST|RELATIVE_STRENGTH_NEGATIVE,378.59,1918004.0,0.3848749681833013,
radar:2026-09-03:1420,2026-09-03T14:20:00-04:00,COMPLETED,60,CDNS,OK,0.0,0.03,0.0,0.0,15.0,10.0,25.03,0.04,NO_VERIFIED_CATALYST|RELATIVE_STRENGTH_NEGATIVE,306.648,710228.0,0.45322185809041765,
radar:2026-09-03:1450,2026-09-03T14:50:00-04:00,COMPLETED,1,HOOD,OK,0.0,20.0,17.99,15.0,15.0,10.0,77.99,70.65,NO_VERIFIED_CATALYST,123.45,41431022.0,2.7488127822917767,53777fb7-e2b0-45af-a043-368f9edd9b57
radar:2026-09-03:1450,2026-09-03T14:50:00-04:00,COMPLETED,2,DELL,OK,0.0,19.88,17.79,15.0,15.0,10.0,77.66,70.22,NO_VERIFIED_CATALYST,514.97,16327101.0,2.7233427033075457,25c225f8-263d-47ab-b83f-2c56cd375479
radar:2026-09-03:1450,2026-09-03T14:50:00-04:00,COMPLETED,3,TSLA,OK,0.0,20.0,9.89,15.0,15.0,10.0,69.89,59.85,NO_VERIFIED_CATALYST|QUALITY_OR_LANE_BLOCKED,381.665,49556078.0,1.7356760812370626,
radar:2026-09-03:1450,2026-09-03T14:50:00-04:00,COMPLETED,4,IBIT,OK,0.0,20.0,7.64,15.0,15.0,10.0,67.64,56.86,NO_VERIFIED_CATALYST|RISK_TOO_SMALL,45.925,66454979.0,1.4552727817803814,
radar:2026-09-03:1450,2026-09-03T14:50:00-04:00,COMPLETED,5,MSTR,OK,0.0,20.0,7.1,15.0,15.0,10.0,67.1,56.13,NO_VERIFIED_CATALYST|QUALITY_OR_LANE_BLOCKED,141.63,29732150.0,1.387335218737766,
radar:2026-09-03:1450,2026-09-03T14:50:00-04:00,COMPLETED,6,COIN,OK,0.0,19.45,6.45,15.0,15.0,10.0,65.9,54.54,NO_VERIFIED_CATALYST,191.42,10250145.0,1.306238834460272,
radar:2026-09-03:1450,2026-09-03T14:50:00-04:00,COMPLETED,7,PYPL,OK,0.0,20.0,4.13,15.0,15.0,10.0,64.13,52.17,NO_VERIFIED_CATALYST,56.62,10007884.0,1.0159506254623187,
radar:2026-09-03:1450,2026-09-03T14:50:00-04:00,COMPLETED,8,ORCL,OK,0.0,20.0,3.58,15.0,15.0,10.0,63.58,51.44,NO_VERIFIED_CATALYST,155.78,17438184.0,0.9471597954872482,
radar:2026-09-03:1450,2026-09-03T14:50:00-04:00,COMPLETED,9,AVGO,OK,0.0,19.2,18.75,0.0,15.0,10.0,62.95,50.6,NO_VERIFIED_CATALYST|RELATIVE_STRENGTH_NEGATIVE,356.855,47051968.0,2.8437524890547223,
radar:2026-09-03:1450,2026-09-03T14:50:00-04:00,COMPLETED,10,NOW,OK,0.0,20.0,1.67,15.0,15.0,10.0,61.67,48.89,NO_VERIFIED_CATALYST,146.525,10549664.0,0.7084561768713802,
radar:2026-09-03:1450,2026-09-03T14:50:00-04:00,COMPLETED,11,PLTR,OK,0.0,17.02,3.82,15.0,15.0,10.0,60.84,47.79,NO_VERIFIED_CATALYST,182.921,28722708.0,0.9774960770629337,
radar:2026-09-03:1450,2026-09-03T14:50:00-04:00,COMPLETED,12,ALAB,OK,0.0,19.69,1.2,13.89,15.0,10.0,59.78,46.37,NO_VERIFIED_CATALYST,282.172,1785609.0,0.6498363117070712,
radar:2026-09-03:1450,2026-09-03T14:50:00-04:00,COMPLETED,13,IBKR,OK,0.0,17.72,1.03,15.0,15.0,10.0,58.75,45.0,NO_VERIFIED_CATALYST,92.93,2192570.0,0.6289073706052977,
radar:2026-09-03:1450,2026-09-03T14:50:00-04:00,COMPLETED,14,META,OK,0.0,14.0,4.2,15.0,15.0,10.0,58.2,44.27,NO_VERIFIED_CATALYST,613.735,12927588.0,1.0250603895953638,
radar:2026-09-03:1450,2026-09-03T14:50:00-04:00,COMPLETED,15,MSFT,OK,0.0,15.79,2.29,15.0,15.0,10.0,58.08,44.11,NO_VERIFIED_CATALYST,512.845,15590097.0,0.7867613347313555,
radar:2026-09-03:1450,2026-09-03T14:50:00-04:00,COMPLETED,16,MRVL,OK,0.0,18.57,0.62,12.44,15.0,10.0,56.63,42.17,NO_VERIFIED_CATALYST,212.04,11510023.0,0.5775103155612824,
radar:2026-09-03:1450,2026-09-03T14:50:00-04:00,COMPLETED,17,NVDA,OK,0.0,16.38,3.64,10.73,15.0,10.0,55.74,40.98,NO_VERIFIED_CATALYST,229.81,98995126.0,0.9546790484050263,
radar:2026-09-03:1450,2026-09-03T14:50:00-04:00,COMPLETED,18,WDAY,OK,0.0,15.48,0.0,15.0,15.0,10.0,55.48,40.63,NO_VERIFIED_CATALYST,208.13,1855858.0,0.448818343114775,
radar:2026-09-03:1450,2026-09-03T14:50:00-04:00,COMPLETED,19,INTC,OK,0.0,17.69,1.06,11.31,15.0,10.0,55.06,40.08,NO_VERIFIED_CATALYST,92.305,50202097.0,0.6324958459697841,
radar:2026-09-03:1450,2026-09-03T14:50:00-04:00,COMPLETED,20,GS,OK,0.0,15.08,0.99,13.62,15.0,10.0,54.68,39.58,NO_VERIFIED_CATALYST,1033.43,928896.0,0.6237797699135531,
radar:2026-09-03:1450,2026-09-03T14:50:00-04:00,COMPLETED,21,WMT,OK,0.0,13.13,1.02,10.48,15.0,10.0,49.63,32.83,NO_VERIFIED_CATALYST,108.6,14260152.0,0.6268793975566777,
radar:2026-09-03:1450,2026-09-03T14:50:00-04:00,COMPLETED,22,ADBE,OK,0.0,11.13,0.26,10.59,15.0,10.0,46.98,29.3,NO_VERIFIED_CATALYST,286.46,1871753.0,0.5326403316294207,
radar:2026-09-03:1450,2026-09-03T14:50:00-04:00,COMPLETED,23,MS,OK,0.0,10.51,1.44,9.37,15.0,10.0,46.32,28.43,NO_VERIFIED_CATALYST,216.44,2163694.0,0.6798610422346699,
radar:2026-09-03:1450,2026-09-03T14:50:00-04:00,COMPLETED,24,GLTR,OK,0.0,11.05,0.0,10.03,15.0,10.0,46.08,28.11,NO_VERIFIED_CATALYST,203.395,25116.0,0.49550840397160945,
radar:2026-09-03:1450,2026-09-03T14:50:00-04:00,COMPLETED,25,JPM,OK,0.0,11.08,0.94,6.28,15.0,10.0,43.3,24.4,NO_VERIFIED_CATALYST,362.155,2766374.0,0.6173187631602651,
radar:2026-09-03:1450,2026-09-03T14:50:00-04:00,COMPLETED,26,QQQ,OK,0.0,9.54,2.97,4.32,15.0,10.0,41.82,22.42,NO_VERIFIED_CATALYST,718.73,22059339.0,0.8707164501045074,
radar:2026-09-03:1450,2026-09-03T14:50:00-04:00,COMPLETED,27,SNDK,OK,0.0,11.71,0.53,3.63,15.0,10.0,40.87,21.17,NO_VERIFIED_CATALYST,1572.418,6352461.0,0.5659295730780324,
radar:2026-09-03:1450,2026-09-03T14:50:00-04:00,COMPLETED,28,GOOGL,OK,0.0,8.22,1.04,6.27,15.0,10.0,40.54,20.72,NO_VERIFIED_CATALYST,342.73,11532728.0,0.6302077279198222,
radar:2026-09-03:1450,2026-09-03T14:50:00-04:00,COMPLETED,29,AMZN,OK,0.0,8.71,1.01,5.24,15.0,10.0,39.96,19.95,NO_VERIFIED_CATALYST,258.785,16986852.0,0.626667595226051,
radar:2026-09-03:1450,2026-09-03T14:50:00-04:00,COMPLETED,30,BA,OK,0.0,9.16,5.26,0.35,15.0,10.0,39.77,19.7,NO_VERIFIED_CATALYST|RELATIVE_STRENGTH_NEGATIVE,210.285,4672991.0,1.157571967549532,
radar:2026-09-03:1450,2026-09-03T14:50:00-04:00,COMPLETED,31,MRNA,OK,0.0,14.0,0.0,0.0,15.0,10.0,39.0,18.67,NO_VERIFIED_CATALYST|RELATIVE_STRENGTH_NEGATIVE,144.58,9187357.0,0.34261835024637044,
radar:2026-09-03:1450,2026-09-03T14:50:00-04:00,COMPLETED,32,SPY,OK,0.0,7.43,2.75,3.0,15.0,10.0,38.18,17.58,NO_VERIFIED_CATALYST,773.72,25287071.0,0.8434429446820173,
radar:2026-09-03:1450,2026-09-03T14:50:00-04:00,COMPLETED,33,VOO,OK,0.0,7.23,0.57,2.98,15.0,10.0,35.78,14.37,NO_VERIFIED_CATALYST|RELATIVE_STRENGTH_NEGATIVE,711.255,2956202.0,0.5712637025211382,
radar:2026-09-03:1450,2026-09-03T14:50:00-04:00,COMPLETED,34,MU,OK,0.0,7.24,2.53,0.0,15.0,10.0,34.77,13.02,NO_VERIFIED_CATALYST|RELATIVE_STRENGTH_NEGATIVE,958.62,18908186.0,0.8157116164900976,
radar:2026-09-03:1450,2026-09-03T14:50:00-04:00,COMPLETED,35,XAR,OK,0.0,5.76,1.93,1.61,15.0,10.0,34.3,12.4,NO_VERIFIED_CATALYST|RELATIVE_STRENGTH_NEGATIVE,252.43,124629.0,0.7408781336056471,
radar:2026-09-03:1450,2026-09-03T14:50:00-04:00,COMPLETED,36,ABNB,OK,0.0,4.89,1.39,2.57,15.0,10.0,33.85,11.81,NO_VERIFIED_CATALYST|RELATIVE_STRENGTH_NEGATIVE,185.18,3214477.0,0.6738858289227302,
radar:2026-09-03:1450,2026-09-03T14:50:00-04:00,COMPLETED,37,QCOM,OK,0.0,8.37,0.02,0.0,15.0,10.0,33.39,11.19,NO_VERIFIED_CATALYST|RELATIVE_STRENGTH_NEGATIVE,169.9,3780171.0,0.5025258834116026,
radar:2026-09-03:1450,2026-09-03T14:50:00-04:00,COMPLETED,38,AMD,OK,0.0,6.74,1.63,0.0,15.0,10.0,33.36,11.15,NO_VERIFIED_CATALYST|RELATIVE_STRENGTH_NEGATIVE,457.78,10582143.0,0.7031763807820262,
radar:2026-09-03:1450,2026-09-03T14:50:00-04:00,COMPLETED,39,AMAT,OK,0.0,7.31,0.57,0.0,15.0,10.0,32.88,10.5,NO_VERIFIED_CATALYST|RELATIVE_STRENGTH_NEGATIVE,435.54,3407629.0,0.5707121444888187,
radar:2026-09-03:1450,2026-09-03T14:50:00-04:00,COMPLETED,40,ITA,OK,0.0,5.48,0.7,1.18,15.0,10.0,32.36,9.81,NO_VERIFIED_CATALYST|RELATIVE_STRENGTH_NEGATIVE,225.19,287378.0,0.5880125738879771,
radar:2026-09-03:1450,2026-09-03T14:50:00-04:00,COMPLETED,41,TXN,OK,0.0,6.8,0.0,0.0,15.0,10.0,31.8,9.06,NO_VERIFIED_CATALYST|RELATIVE_STRENGTH_NEGATIVE,252.92,2129066.0,0.46491179398505633,
radar:2026-09-03:1450,2026-09-03T14:50:00-04:00,COMPLETED,42,BAC,OK,0.0,5.06,0.96,0.41,15.0,10.0,31.44,8.58,NO_VERIFIED_CATALYST|RELATIVE_STRENGTH_NEGATIVE,63.03,14552140.0,0.620408717633436,
radar:2026-09-03:1450,2026-09-03T14:50:00-04:00,COMPLETED,43,UBER,OK,0.0,4.21,1.61,0.0,15.0,10.0,30.82,7.76,NO_VERIFIED_CATALYST|RELATIVE_STRENGTH_NEGATIVE,75.76,9923263.0,0.7007587574149456,
radar:2026-09-03:1450,2026-09-03T14:50:00-04:00,COMPLETED,44,GE,OK,0.0,4.11,0.0,0.84,15.0,10.0,29.95,6.61,NO_VERIFIED_CATALYST|RELATIVE_STRENGTH_NEGATIVE,332.001,1347249.0,0.4627101448596936,
radar:2026-09-03:1450,2026-09-03T14:50:00-04:00,COMPLETED,45,AAPL,OK,0.0,2.84,1.67,0.0,15.0,10.0,29.51,6.02,NO_VERIFIED_CATALYST|RELATIVE_STRENGTH_NEGATIVE,326.94,23161558.0,0.7085077016059426,
radar:2026-09-03:1450,2026-09-03T14:50:00-04:00,COMPLETED,46,XLE,OK,0.0,2.01,2.51,0.0,15.0,10.0,29.52,6.02,NO_VERIFIED_CATALYST|RELATIVE_STRENGTH_NEGATIVE,64.82,17018671.0,0.8139390530220346,
radar:2026-09-03:1450,2026-09-03T14:50:00-04:00,COMPLETED,47,ONDS,OK,0.0,0.61,3.72,0.0,15.0,10.0,29.33,5.77,NO_VERIFIED_CATALYST|RELATIVE_STRENGTH_NEGATIVE,7.62,57095631.0,0.9646470251413517,
radar:2026-09-03:1450,2026-09-03T14:50:00-04:00,COMPLETED,48,DASH,OK,0.0,4.23,0.0,0.0,15.0,10.0,29.23,5.64,NO_VERIFIED_CATALYST|RELATIVE_STRENGTH_NEGATIVE,224.19,1520955.0,0.4133620971530454,
radar:2026-09-03:1450,2026-09-03T14:50:00-04:00,COMPLETED,49,EBAY,OK,0.0,2.93,0.2,0.0,15.0,10.0,28.13,4.17,NO_VERIFIED_CATALYST|RELATIVE_STRENGTH_NEGATIVE,106.03,1917399.0,0.5250361239999762,
radar:2026-09-03:1450,2026-09-03T14:50:00-04:00,COMPLETED,50,CDNS,OK,0.0,3.12,0.0,0.0,15.0,10.0,28.12,4.16,NO_VERIFIED_CATALYST|RELATIVE_STRENGTH_NEGATIVE,304.62,788595.0,0.4560528727731871,
radar:2026-09-03:1450,2026-09-03T14:50:00-04:00,COMPLETED,51,CSCO,OK,0.0,2.71,0.0,0.0,15.0,10.0,27.71,3.61,NO_VERIFIED_CATALYST|RELATIVE_STRENGTH_NEGATIVE,108.82,6191108.0,0.3826562408409178,
radar:2026-09-03:1450,2026-09-03T14:50:00-04:00,COMPLETED,52,NOC,OK,0.0,2.65,0.0,0.0,15.0,10.0,27.65,3.53,NO_VERIFIED_CATALYST|RELATIVE_STRENGTH_NEGATIVE,526.79,254328.0,0.48431075504013027,
radar:2026-09-03:1450,2026-09-03T14:50:00-04:00,COMPLETED,53,REMX,OK,0.0,2.32,0.0,0.0,15.0,10.0,27.32,3.1,NO_VERIFIED_CATALYST|RELATIVE_STRENGTH_NEGATIVE,75.91,193523.0,0.3743885662347846,
radar:2026-09-03:1450,2026-09-03T14:50:00-04:00,COMPLETED,54,NFLX,OK,0.0,1.01,1.05,0.0,15.0,10.0,27.06,2.75,NO_VERIFIED_CATALYST|RELATIVE_STRENGTH_NEGATIVE,82.575,14253194.0,0.6312419474139472,
radar:2026-09-03:1450,2026-09-03T14:50:00-04:00,COMPLETED,55,SNPS,OK,0.0,1.47,0.34,0.0,15.0,10.0,26.81,2.41,NO_VERIFIED_CATALYST|RELATIVE_STRENGTH_NEGATIVE,414.66,741081.0,0.5424628010497315,
radar:2026-09-03:1450,2026-09-03T14:50:00-04:00,COMPLETED,56,LHX,OK,0.0,1.55,0.22,0.0,15.0,10.0,26.77,2.36,NO_VERIFIED_CATALYST|RELATIVE_STRENGTH_NEGATIVE,260.45,675158.0,0.527676988054407,
radar:2026-09-03:1450,2026-09-03T14:50:00-04:00,COMPLETED,57,CVX,OK,0.0,0.66,0.61,0.0,15.0,10.0,26.27,1.69,NO_VERIFIED_CATALYST|RELATIVE_STRENGTH_NEGATIVE,211.48,3734749.0,0.5761153244620529,
radar:2026-09-03:1450,2026-09-03T14:50:00-04:00,COMPLETED,58,PG,OK,0.0,1.12,0.0,0.0,15.0,10.0,26.12,1.5,NO_VERIFIED_CATALYST|RELATIVE_STRENGTH_NEGATIVE,147.305,2887245.0,0.3869210991350096,
radar:2026-09-03:1450,2026-09-03T14:50:00-04:00,COMPLETED,59,DIS,OK,0.0,0.95,0.0,0.0,15.0,10.0,25.95,1.27,NO_VERIFIED_CATALYST|RELATIVE_STRENGTH_NEGATIVE,107.76,2955066.0,0.4380256912192823,
radar:2026-09-03:1450,2026-09-03T14:50:00-04:00,COMPLETED,60,V,OK,0.0,0.26,0.0,0.0,15.0,10.0,25.26,0.35,NO_VERIFIED_CATALYST|RELATIVE_STRENGTH_NEGATIVE,378.565,2069680.0,0.3763756165940017,
